example_id,candidate_example_id,original_id,type,relations,candidate_role,quality_status,quality_issue_codes
1,1,a7b9672009c311ebbdb0ac1f6bf848b6,comparison,country,primary,pass,
2,2,2935f1640bda11eba7f7acde48001122,compositional,director|place of death,primary,pass,
3,3,dfe93efe0bdd11eba7f7acde48001122,compositional,date of death|spouse,primary,pass,
4,4,0bedb7e80bdc11eba7f7acde48001122,compositional,cause of death|spouse,primary,pass,
5,5,0f1ac1a00bdb11eba7f7acde48001122,compositional,award received|performer,primary,pass,
6,6,6638a0f0084e11ebbd56ac1f6bf848b6,comparison,country,primary,pass,
7,7,29427eea0bdd11eba7f7acde48001122,compositional,performer|place of birth,primary,pass,
8,8,ea1fc06c0bda11eba7f7acde48001122,compositional,employer|spouse,primary,pass,
9,9,0323cdea090d11ebbdadac1f6bf848b6,comparison,publication date,primary,pass,
10,11,2294ccfc0bdc11eba7f7acde48001122,compositional,date of birth|has part,primary,pass,
11,12,0458640a0bdd11eba7f7acde48001122,compositional,cause of death|father,primary,pass,
12,13,4f49c369098d11ebbdb0ac1f6bf848b6,comparison,country,primary,pass,
13,14,982f8e440bdb11eba7f7acde48001122,compositional,inception|publisher,primary,pass,
14,15,74207b920bdd11eba7f7acde48001122,compositional,director|place of death,primary,pass,
15,16,2fd031c00bde11eba7f7acde48001122,compositional,director|educated at,primary,pass,
16,18,5e60d12e0bda11eba7f7acde48001122,compositional,mother|place of birth,primary,review,evidence_term_not_in_support
17,19,7de481100baf11ebab90acde48001122,inference,father|mother,primary,pass,
18,21,e5bdd71f08d011ebbd95ac1f6bf848b6,comparison,date of birth|date of death,primary,pass,
19,22,ddacf7580baf11ebab90acde48001122,inference,father|spouse,primary,pass,
20,24,880e5d0c088d11ebbd70ac1f6bf848b6,bridge_comparison,country of citizenship|director,primary,pass,
21,25,69e2bbe0094411ebbdaeac1f6bf848b6,comparison,publication date,primary,pass,
22,26,3068a40c0baf11ebab90acde48001122,inference,father|mother,primary,pass,
23,29,6e3e70200bde11eba7f7acde48001122,compositional,country of citizenship|mother,primary,pass,
24,30,1900f7600baf11ebab90acde48001122,inference,mother|spouse,primary,pass,
25,31,3c44771e08b211ebbd85ac1f6bf848b6,comparison,publication date,primary,pass,
26,33,769106c40bda11eba7f7acde48001122,compositional,cause of death|performer,primary,pass,
27,34,4a9acefe0baf11ebab90acde48001122,inference,father|sibling,primary,pass,
28,37,6b3de52e0bdc11eba7f7acde48001122,compositional,father|place of death,primary,pass,
29,38,7534fd16096e11ebbdb0ac1f6bf848b6,comparison,country,primary,pass,
30,39,70ec660c0bdd11eba7f7acde48001122,compositional,director|place of birth,primary,pass,
31,40,5e418da00bda11eba7f7acde48001122,compositional,performer|place of birth,primary,pass,
32,41,4f0d28fb088b11ebbd6fac1f6bf848b6,comparison,date of birth|date of death,primary,pass,
33,43,dffa1f8a0bdd11eba7f7acde48001122,compositional,has part|place of birth,primary,pass,
34,45,4d3f931d095a11ebbdaeac1f6bf848b6,comparison,inception,primary,pass,
35,46,a3f2dc13098911ebbdb0ac1f6bf848b6,comparison,country,primary,pass,
36,47,5fdf9c8008b311ebbd86ac1f6bf848b6,comparison,date of birth|date of death,primary,pass,
37,48,7250010e0bdb11eba7f7acde48001122,compositional,father|place of burial,primary,pass,
38,49,5b6fc7880bdd11eba7f7acde48001122,compositional,director|spouse,primary,pass,
39,50,1ccc20e00bdc11eba7f7acde48001122,compositional,director|employer,primary,pass,
40,51,4e4d44440bd911eba7f7acde48001122,compositional,cause of death|director,primary,pass,
41,52,9d3c3b060bdd11eba7f7acde48001122,compositional,country of citizenship|spouse,primary,review,evidence_term_not_in_support
42,53,ded710180bdd11eba7f7acde48001122,compositional,mother|place of death,primary,pass,
43,54,af7c73c80bdb11eba7f7acde48001122,compositional,director|educated at,primary,pass,
44,55,a8f4816708ad11ebbd83ac1f6bf848b6,comparison,date of birth|date of death,primary,pass,
45,57,cef85d800bda11eba7f7acde48001122,compositional,cause of death|director,primary,pass,
46,58,e5991727086711ebbd5eac1f6bf848b6,comparison,country of origin,primary,pass,
47,59,9b08d2780bdc11eba7f7acde48001122,compositional,country of citizenship|has part,primary,pass,
48,60,e5c738900bdc11eba7f7acde48001122,compositional,director|place of death,primary,pass,
49,61,36f7185c0bdd11eba7f7acde48001122,compositional,composer|country of citizenship,primary,pass,
50,62,40f3e0ca087111ebbd63ac1f6bf848b6,bridge_comparison,date of death|producer,primary,pass,
51,63,cecadcce0bdb11eba7f7acde48001122,compositional,performer|place of birth,primary,pass,
52,64,39bd87c80bde11eba7f7acde48001122,compositional,inception|publisher,primary,pass,
53,66,e3333830088111ebbd6dac1f6bf848b6,bridge_comparison,date of birth|producer,primary,pass,
54,67,bd4901b0085e11ebbd5cac1f6bf848b6,comparison,date of birth|date of death,primary,pass,
55,68,ca3fdcde0bdd11eba7f7acde48001122,compositional,father|place of death,primary,pass,
56,69,6f0a15860bde11eba7f7acde48001122,compositional,award received|performer,primary,pass,
57,70,f3a0ade8087611ebbd67ac1f6bf848b6,comparison,date of birth|date of death,primary,pass,
58,71,483a00fd08a611ebbd7eac1f6bf848b6,comparison,date of birth|date of death,primary,pass,
59,72,be9369c80bdd11eba7f7acde48001122,compositional,father|place of burial,primary,pass,
60,74,8603b4e008a511ebbd7dac1f6bf848b6,comparison,publication date,primary,pass,
61,76,e07a39e80bda11eba7f7acde48001122,compositional,mother|place of birth,primary,pass,
62,77,df99f4120bdc11eba7f7acde48001122,compositional,director|place of burial,primary,pass,
63,78,4bff11db08ab11ebbd82ac1f6bf848b6,comparison,inception,primary,pass,
64,80,02428f7e0bb011ebab90acde48001122,inference,child|spouse,primary,review,evidence_term_not_in_support
65,81,67aaa1940bdd11eba7f7acde48001122,compositional,country|publisher,primary,pass,
66,82,fafcb35d089e11ebbd78ac1f6bf848b6,bridge_comparison,country of citizenship|director,primary,pass,
67,83,26351014096711ebbdafac1f6bf848b6,comparison,publication date,primary,pass,
68,84,6a76a6b60bb011ebab90acde48001122,inference,father|mother,primary,pass,
69,86,653dfa8f08f211ebbdaaac1f6bf848b6,comparison,date of birth|date of death,primary,pass,
70,87,9bdf26a0085a11ebbd5cac1f6bf848b6,comparison,date of birth|date of death,primary,pass,
71,88,c79a852708b111ebbd85ac1f6bf848b6,comparison,inception,primary,pass,
72,89,709cfbb60bde11eba7f7acde48001122,compositional,director|place of birth,primary,pass,
73,90,38e0bdd2094e11ebbdaeac1f6bf848b6,comparison,publication date,primary,pass,
74,91,2c0ce6960bde11eba7f7acde48001122,compositional,mother|place of death,primary,pass,
75,94,eb18f7ac0baf11ebab90acde48001122,inference,father|spouse,primary,pass,
76,95,dbf6cc6d090d11ebbdadac1f6bf848b6,comparison,publication date,primary,pass,
77,96,593e6e380bdd11eba7f7acde48001122,compositional,father|place of birth,primary,review,evidence_term_not_in_support
78,97,ec70a8a308a311ebbd7cac1f6bf848b6,comparison,date of birth|date of death,primary,pass,
79,98,2614d9b5088311ebbd6dac1f6bf848b6,bridge_comparison,country of citizenship|director,primary,pass,
80,99,d977eef20bd911eba7f7acde48001122,compositional,cause of death|director,primary,pass,
81,100,171c1e8108b111ebbd85ac1f6bf848b6,comparison,country,primary,pass,
82,101,8115d246087b11ebbd68ac1f6bf848b6,comparison,date of birth|date of death,primary,pass,
83,102,11e2cf680bdb11eba7f7acde48001122,compositional,date of death|mother,primary,pass,
84,104,99d7edfa086011ebbd5dac1f6bf848b6,comparison,country of origin,primary,pass,
85,105,6b6eb7bc0baf11ebab90acde48001122,inference,father|mother,primary,pass,
86,106,924b5e4e0bdc11eba7f7acde48001122,compositional,composer|place of birth,primary,pass,
87,107,48137038087a11ebbd67ac1f6bf848b6,comparison,country of origin,primary,pass,
88,108,cd665d0c0bdd11eba7f7acde48001122,compositional,place of birth|spouse,primary,pass,
89,110,29bddf900bb011ebab90acde48001122,inference,mother|sibling,primary,pass,
90,111,ec02d06708a811ebbd7fac1f6bf848b6,comparison,date of birth|date of death,primary,pass,
91,113,86afde360bda11eba7f7acde48001122,compositional,director|place of birth,primary,pass,
92,114,af356f7a0bd911eba7f7acde48001122,compositional,award received|director,primary,pass,
93,116,e8d6343e087b11ebbd69ac1f6bf848b6,comparison,country of citizenship,primary,pass,
94,117,f4e4e862089011ebbd72ac1f6bf848b6,bridge_comparison,country of citizenship|director,primary,pass,
95,118,acf22446087411ebbd67ac1f6bf848b6,bridge_comparison,country of citizenship|director,primary,pass,
96,119,75004e6f086f11ebbd62ac1f6bf848b6,comparison,occupation,primary,pass,
97,120,29d3c6f80bdc11eba7f7acde48001122,compositional,place of birth|spouse,primary,pass,
98,123,33f9a3960bdc11eba7f7acde48001122,compositional,educated at|father,primary,review,evidence_term_not_in_support
99,124,7ff9bdbc0baf11ebab90acde48001122,inference,father|sibling,primary,pass,
100,126,650ae56108b911ebbd88ac1f6bf848b6,bridge_comparison,country of citizenship|director,primary,pass,
101,127,4bb0b62e0bdb11eba7f7acde48001122,compositional,country of citizenship|director,primary,pass,
102,128,255d3cec0bde11eba7f7acde48001122,compositional,country of citizenship|has part,primary,pass,
103,129,b8fda22e089711ebbd77ac1f6bf848b6,comparison,date of birth|date of death,primary,pass,
104,130,ad059f55093611ebbdaeac1f6bf848b6,comparison,publication date,primary,pass,
105,132,cac4e3ac096711ebbdafac1f6bf848b6,comparison,country of origin,primary,pass,
106,133,36787917086811ebbd5eac1f6bf848b6,comparison,date of birth|date of death,primary,pass,
107,134,d18f92b4085d11ebbd5cac1f6bf848b6,comparison,publication date,primary,pass,
108,135,74b134420bd911eba7f7acde48001122,compositional,director|place of burial,primary,pass,
109,136,eb5e25ff094d11ebbdaeac1f6bf848b6,comparison,country of origin,primary,pass,
110,137,3733d61a0bde11eba7f7acde48001122,compositional,country of citizenship|director,primary,pass,
111,139,cceeda8a0bdc11eba7f7acde48001122,compositional,composer|date of death,primary,pass,
112,140,1904cc6408c611ebbd90ac1f6bf848b6,comparison,date of birth|date of death,primary,pass,
113,141,fb0ccba8089311ebbd75ac1f6bf848b6,bridge_comparison,country of citizenship|director,primary,pass,
114,142,216229960bdd11eba7f7acde48001122,compositional,father|place of death,primary,pass,
115,143,06e765d00bde11eba7f7acde48001122,compositional,country of citizenship|founded by,primary,pass,
116,144,a139d5b8096811ebbdafac1f6bf848b6,comparison,country of origin,primary,pass,
117,145,fae3ba340bda11eba7f7acde48001122,compositional,country of citizenship|founded by,primary,pass,
118,146,f1d6a4080bdd11eba7f7acde48001122,compositional,date of death|mother,primary,pass,
119,147,7cb81afc0bd911eba7f7acde48001122,compositional,director|place of birth,primary,pass,
120,149,3b43439a0bb011ebab90acde48001122,inference,mother|spouse,primary,pass,
121,150,d54f1d01090911ebbdadac1f6bf848b6,comparison,publication date,primary,pass,
122,151,810be29808b211ebbd85ac1f6bf848b6,comparison,date of birth|date of death,primary,pass,
123,152,6c6ab7100bdc11eba7f7acde48001122,compositional,composer|date of birth,primary,pass,
124,153,5c6100840bde11eba7f7acde48001122,compositional,date of death|founded by,primary,review,evidence_term_not_in_support
125,154,ad79a0f80bdd11eba7f7acde48001122,compositional,director|employer,primary,pass,
126,155,78899a480bdc11eba7f7acde48001122,compositional,child|composer,primary,pass,
127,156,b902f2fa0bdb11eba7f7acde48001122,compositional,performer|place of birth,primary,pass,
128,158,cf9bee240bd911eba7f7acde48001122,compositional,country of citizenship|father,primary,pass,
129,160,24489eaa0bde11eba7f7acde48001122,compositional,country of citizenship|performer,primary,pass,
130,161,f21ab6980bdd11eba7f7acde48001122,compositional,director|educated at,primary,pass,
131,162,fd316388090f11ebbdadac1f6bf848b6,comparison,publication date,primary,pass,
132,163,5fcb550b097a11ebbdb0ac1f6bf848b6,comparison,country,primary,pass,
133,164,ebd237d60bdb11eba7f7acde48001122,compositional,founded by|place of birth,primary,review,evidence_term_not_in_support
134,165,9d555c360bdc11eba7f7acde48001122,compositional,country of citizenship|director,primary,pass,
135,166,896795760bb011ebab90acde48001122,inference,father|sibling,primary,pass,
136,167,d6382e5d095211ebbdaeac1f6bf848b6,comparison,publication date,primary,pass,
137,168,08776469088b11ebbd6fac1f6bf848b6,comparison,publication date,primary,pass,
138,170,bc01802408ad11ebbd83ac1f6bf848b6,comparison,country of origin,primary,pass,
139,171,97c19ef20bdb11eba7f7acde48001122,compositional,has part|place of birth,primary,pass,
140,172,783ed2cc08b111ebbd85ac1f6bf848b6,comparison,country of origin,primary,pass,
141,173,117ae2bc089b11ebbd78ac1f6bf848b6,comparison,publication date,primary,pass,
142,174,c4b2a1660bdd11eba7f7acde48001122,compositional,father|place of death,primary,pass,
143,175,9942486b08c211ebbd8cac1f6bf848b6,comparison,publication date,primary,pass,
144,176,ed91f210086211ebbd5eac1f6bf848b6,comparison,country of citizenship,primary,pass,
145,177,a28c8857088411ebbd6dac1f6bf848b6,comparison,country of origin,primary,pass,
146,178,3b76b5c80bdc11eba7f7acde48001122,compositional,country of citizenship|performer,primary,pass,
147,179,eef91b8c097311ebbdb0ac1f6bf848b6,comparison,publication date,primary,pass,
148,180,387c056e0bda11eba7f7acde48001122,compositional,award received|director,primary,pass,
149,181,78ba517c0bd911eba7f7acde48001122,compositional,country of citizenship|mother,primary,pass,
150,182,6f46f7c60bd911eba7f7acde48001122,compositional,performer|place of birth,primary,pass,
151,183,5490ad000bde11eba7f7acde48001122,compositional,founded by|place of birth,primary,pass,
152,184,b93cca75093911ebbdaeac1f6bf848b6,comparison,producer,primary,pass,
153,185,b7afade20bdd11eba7f7acde48001122,compositional,country of citizenship|performer,primary,pass,
154,186,dc43cb480bdd11eba7f7acde48001122,compositional,performer|place of birth,primary,pass,
155,188,26c35f920bdb11eba7f7acde48001122,compositional,editor|spouse,primary,pass,
156,189,4d9ddebe085711ebbd5aac1f6bf848b6,comparison,country of origin,primary,pass,
157,190,b2094022092811ebbdaeac1f6bf848b6,comparison,country of origin,primary,pass,
158,191,06d16e840bb011ebab90acde48001122,inference,father|mother,primary,pass,
159,192,ab74ab8709c111ebbdb0ac1f6bf848b6,comparison,country,primary,pass,
160,193,0306ad3308fe11ebbdadac1f6bf848b6,comparison,country of origin,primary,pass,
161,194,299764380baf11ebab90acde48001122,inference,sibling|spouse,primary,pass,
162,196,9d3cb40b089011ebbd72ac1f6bf848b6,comparison,publication date,primary,pass,
163,197,49e5edb60bde11eba7f7acde48001122,compositional,country of citizenship|director,primary,pass,
164,198,afb7c4f80bdd11eba7f7acde48001122,compositional,award received|director,primary,pass,
165,199,3879754808fc11ebbdadac1f6bf848b6,comparison,inception,primary,pass,
166,200,7d7229600bd911eba7f7acde48001122,compositional,has part|place of birth,primary,pass,
167,201,ff8d920c08b611ebbd88ac1f6bf848b6,bridge_comparison,country of citizenship|director,primary,pass,
168,203,6b5812de08fd11ebbdadac1f6bf848b6,comparison,publication date,primary,pass,
169,204,1dbbaa000bde11eba7f7acde48001122,compositional,date of death|spouse,primary,pass,
170,205,a529748f08f211ebbdaaac1f6bf848b6,comparison,publication date,primary,pass,
171,206,e6606da80baf11ebab90acde48001122,inference,child|spouse,primary,pass,
172,207,181e87c20baf11ebab90acde48001122,inference,father|sibling,primary,pass,
173,209,16c457c20bdb11eba7f7acde48001122,compositional,father|place of burial,primary,pass,
174,210,7df5e65b086711ebbd5eac1f6bf848b6,comparison,publication date,primary,pass,
175,211,2aa02b3a0bdc11eba7f7acde48001122,compositional,award received|director,primary,pass,
176,212,5be99b900bdc11eba7f7acde48001122,compositional,director|place of birth,primary,pass,
177,213,7ab366f60bdb11eba7f7acde48001122,compositional,director|educated at,primary,pass,
178,214,5d87207a0bb011ebab90acde48001122,inference,mother|spouse,primary,pass,
179,215,033b1aff087c11ebbd69ac1f6bf848b6,comparison,date of birth|date of death,primary,pass,
180,216,4e25630d085511ebbd59ac1f6bf848b6,comparison,date of birth|date of death,primary,pass,
181,218,d41835da08d811ebbd9cac1f6bf848b6,comparison,date of birth|date of death,primary,pass,
182,219,8d7e902a08cb11ebbd92ac1f6bf848b6,bridge_comparison,country of citizenship|director,primary,pass,
183,220,694a12600bdc11eba7f7acde48001122,compositional,award received|director,primary,pass,
184,221,2898f03108f611ebbdaaac1f6bf848b6,comparison,date of birth|date of death,primary,pass,
185,222,33c77397088311ebbd6dac1f6bf848b6,comparison,date of birth|date of death,primary,pass,
186,224,a27e91f1094811ebbdaeac1f6bf848b6,comparison,country of origin,primary,pass,
187,225,b008266d088d11ebbd70ac1f6bf848b6,comparison,date of birth|date of death,primary,pass,
188,226,28136b68097f11ebbdb0ac1f6bf848b6,comparison,publication date,primary,pass,
189,227,74c24c8c0bde11eba7f7acde48001122,compositional,director|educated at,primary,pass,
190,228,68a9c7ec085a11ebbd5cac1f6bf848b6,comparison,country,primary,pass,
191,229,62ee73bf08a011ebbd78ac1f6bf848b6,comparison,publication date,primary,pass,
192,230,f3a978380baf11ebab90acde48001122,inference,child|spouse,primary,pass,
193,231,48c17199087e11ebbd6bac1f6bf848b6,comparison,country of origin,primary,pass,
194,232,7159cb420bde11eba7f7acde48001122,compositional,performer|place of birth,primary,pass,
195,233,946878a6085811ebbd5bac1f6bf848b6,comparison,country of origin,primary,pass,
196,235,f06252fc0bdd11eba7f7acde48001122,compositional,award received|performer,primary,pass,
197,236,ea294116094111ebbdaeac1f6bf848b6,comparison,publication date,primary,pass,
198,237,e184b00b08c611ebbd91ac1f6bf848b6,bridge_comparison,country of citizenship|director,primary,pass,
199,238,06992de80bde11eba7f7acde48001122,compositional,director|employer,primary,pass,
200,239,b50d85db08b511ebbd88ac1f6bf848b6,comparison,date of birth|date of death,primary,pass,
201,240,0899a4880bde11eba7f7acde48001122,compositional,place of birth|spouse,primary,pass,
202,241,02e138da0bde11eba7f7acde48001122,compositional,composer|educated at,primary,pass,
203,242,d3c7aed6087111ebbd63ac1f6bf848b6,comparison,country of origin,primary,pass,
204,243,3714220108a211ebbd7aac1f6bf848b6,bridge_comparison,country of citizenship|director,primary,pass,
205,244,674ec4a60bdc11eba7f7acde48001122,compositional,performer|place of birth,primary,pass,
206,245,cb729e41086b11ebbd60ac1f6bf848b6,comparison,publication date,primary,pass,
207,246,e06bb25e08c611ebbd91ac1f6bf848b6,comparison,occupation,primary,pass,
208,247,3e694d6408a211ebbd7aac1f6bf848b6,comparison,date of birth|date of death,primary,pass,
209,248,79baf566086b11ebbd5fac1f6bf848b6,comparison,occupation,primary,pass,
210,249,11b996700bdb11eba7f7acde48001122,compositional,award received|director,primary,pass,
211,250,7e3574e8093c11ebbdaeac1f6bf848b6,comparison,publication date,primary,pass,
212,251,67a8b039092711ebbdaeac1f6bf848b6,comparison,publication date,primary,pass,
213,252,af25f89b096011ebbdafac1f6bf848b6,comparison,publication date,primary,pass,
214,253,240f079c0bdb11eba7f7acde48001122,compositional,mother|place of birth,primary,pass,
215,254,10b9272208d111ebbd95ac1f6bf848b6,comparison,date of birth|date of death,primary,pass,
216,255,3397e9ec0bde11eba7f7acde48001122,compositional,director|educated at,primary,pass,
217,256,428c6db9090311ebbdadac1f6bf848b6,comparison,publication date,primary,pass,
218,258,a3cd3223086811ebbd5eac1f6bf848b6,comparison,date of birth|date of death,primary,pass,
219,259,abba19f80bda11eba7f7acde48001122,compositional,date of birth|editor,primary,pass,
220,260,c7e826860baf11ebab90acde48001122,inference,father|mother,primary,pass,
221,261,a539b2d408a611ebbd7fac1f6bf848b6,comparison,publication date,primary,pass,
222,262,92ad0f080bdd11eba7f7acde48001122,compositional,director|educated at,primary,pass,
223,263,bfea318408e311ebbda4ac1f6bf848b6,comparison,country,primary,pass,
224,264,74d171b7084c11ebbd56ac1f6bf848b6,comparison,date of birth|date of death,primary,pass,
225,265,4b9580400bde11eba7f7acde48001122,compositional,cause of death|mother,primary,review,evidence_term_not_in_support
226,267,d0a0a43c0bdd11eba7f7acde48001122,compositional,country of citizenship|mother,primary,pass,
227,268,2fa5c12e091711ebbdaeac1f6bf848b6,comparison,publication date,primary,pass,
228,269,3ce8faa40bde11eba7f7acde48001122,compositional,performer|place of birth,primary,pass,
229,270,805d68d608d911ebbd9cac1f6bf848b6,bridge_comparison,country of citizenship|director,primary,pass,
230,271,a5e486bc0bda11eba7f7acde48001122,compositional,creator|educated at,primary,pass,
231,272,deffca180bdc11eba7f7acde48001122,compositional,composer|country of citizenship,primary,pass,
232,273,1bf402f708fc11ebbdadac1f6bf848b6,comparison,country of origin,primary,pass,
233,274,a380ab7c08b911ebbd88ac1f6bf848b6,comparison,publication date,primary,pass,
234,275,9e6160ad08fd11ebbdadac1f6bf848b6,comparison,inception,primary,pass,
235,277,92324aca0bb011ebab90acde48001122,inference,father|sibling,primary,pass,
236,278,0cafa3880bde11eba7f7acde48001122,compositional,director|educated at,primary,pass,
237,279,fd28aace085e11ebbd5cac1f6bf848b6,comparison,date of birth|date of death,primary,pass,
238,280,fb846b8a0bdc11eba7f7acde48001122,compositional,mother|performer,primary,pass,
239,281,e6a203860bae11ebab90acde48001122,inference,father|mother,primary,pass,
240,282,e3f8885d08af11ebbd83ac1f6bf848b6,comparison,date of birth|date of death,primary,pass,
241,283,8cd334020bda11eba7f7acde48001122,compositional,director|place of burial,primary,pass,
242,284,6073429e08f311ebbdaaac1f6bf848b6,comparison,date of birth|date of death,primary,pass,
243,285,2e9cc8d60bde11eba7f7acde48001122,compositional,performer|place of birth,primary,pass,
244,286,c1ed092a0bd911eba7f7acde48001122,compositional,performer|place of birth,primary,pass,
245,288,2f10177608d911ebbd9cac1f6bf848b6,comparison,date of birth|date of death,primary,pass,
246,289,9686afee0bdd11eba7f7acde48001122,compositional,editor|place of birth,primary,pass,
247,290,62ab4e000bb011ebab90acde48001122,inference,child|father,primary,review,evidence_term_not_in_support
248,291,c8e87df60bdc11eba7f7acde48001122,compositional,cause of death|director,primary,pass,
249,293,4b2a2efd08d811ebbd9aac1f6bf848b6,comparison,date of birth|date of death,primary,pass,
250,295,8eafc6a808b711ebbd88ac1f6bf848b6,comparison,date of birth|date of death,primary,pass,
251,296,0628ed440bde11eba7f7acde48001122,compositional,father|place of burial,primary,pass,
252,298,6fc6126e08ad11ebbd83ac1f6bf848b6,comparison,country of origin,primary,pass,
253,299,955eafcc089f11ebbd78ac1f6bf848b6,comparison,date of birth|date of death,primary,pass,
254,300,2c316f4608bb11ebbd88ac1f6bf848b6,comparison,country of origin,primary,pass,
255,301,85f535fa0bd911eba7f7acde48001122,compositional,country of citizenship|spouse,primary,pass,
256,302,1a3535d20bdd11eba7f7acde48001122,compositional,award received|composer,primary,pass,
257,303,b7a3a90c0bdd11eba7f7acde48001122,compositional,father|place of death,primary,pass,
258,304,494077aa0bde11eba7f7acde48001122,compositional,educated at|spouse,primary,review,evidence_term_not_in_support
259,305,385c3978086f11ebbd62ac1f6bf848b6,bridge_comparison,date of birth|producer,primary,pass,
260,306,410fbb40087f11ebbd6bac1f6bf848b6,comparison,publication date,primary,pass,
261,307,bd0b3c42092211ebbdaeac1f6bf848b6,comparison,publication date,primary,pass,
262,308,8033ca4e08f711ebbdaaac1f6bf848b6,comparison,inception,primary,pass,
263,310,b77f7e4a0bda11eba7f7acde48001122,compositional,director|place of death,primary,pass,
264,311,f47b71840bdd11eba7f7acde48001122,compositional,child|performer,primary,pass,
265,312,5cc01ab60bb011ebab90acde48001122,inference,mother|spouse,primary,pass,
266,313,c4c4016c0bd911eba7f7acde48001122,compositional,place of death|spouse,primary,pass,
267,315,bdb2bc200bdd11eba7f7acde48001122,compositional,award received|performer,primary,pass,
268,316,a7c4d2240bdb11eba7f7acde48001122,compositional,founded by|place of birth,primary,review,evidence_term_not_in_support
269,318,49b22d0a0bde11eba7f7acde48001122,compositional,composer|place of death,primary,pass,
270,319,584c32d0095f11ebbdafac1f6bf848b6,comparison,inception,primary,pass,
271,320,909115ce0bd911eba7f7acde48001122,compositional,place of birth|spouse,primary,pass,
272,321,32d9179c0bde11eba7f7acde48001122,compositional,country of citizenship|founded by,primary,pass,
273,322,116073780baf11ebab90acde48001122,inference,child|father,primary,pass,
274,323,fee1eb96087011ebbd63ac1f6bf848b6,bridge_comparison,date of birth|producer,primary,pass,
275,325,e09978ee0bda11eba7f7acde48001122,compositional,has part|place of birth,primary,pass,
276,326,7c4a55000bdc11eba7f7acde48001122,compositional,cause of death|father,primary,pass,
277,327,ec23401c0bdc11eba7f7acde48001122,compositional,father|place of death,primary,pass,
278,328,8af63e07093f11ebbdaeac1f6bf848b6,comparison,publication date,primary,pass,
279,329,20bf77b40bb011ebab90acde48001122,inference,child|father,primary,pass,
280,330,8ef7260a0bdd11eba7f7acde48001122,compositional,cause of death|director,primary,pass,
281,331,f64ef1f20bdd11eba7f7acde48001122,compositional,educated at|father,primary,pass,
282,332,f16d98a20bae11ebab90acde48001122,inference,father|mother,primary,review,evidence_term_not_in_support
283,333,a2b00a900bdd11eba7f7acde48001122,compositional,place of death|spouse,primary,pass,
284,334,71bf184e0bde11eba7f7acde48001122,compositional,father|place of death,primary,review,evidence_term_not_in_support
285,335,4aae6955095d11ebbdaeac1f6bf848b6,comparison,country of origin,primary,pass,
286,336,562e34500bdb11eba7f7acde48001122,compositional,award received|director,primary,pass,
287,337,887aebd60bb011ebab90acde48001122,inference,child|spouse,primary,pass,
288,338,1ffb1be40bb011ebab90acde48001122,inference,sibling|spouse,primary,pass,
289,339,fb7c4f940bdd11eba7f7acde48001122,compositional,country of citizenship|performer,primary,pass,
290,340,fada11b40bda11eba7f7acde48001122,compositional,performer|place of birth,primary,pass,
291,341,a585aba5092711ebbdaeac1f6bf848b6,comparison,publication date,primary,pass,
292,342,768c67280bde11eba7f7acde48001122,compositional,father|place of birth,primary,pass,
293,343,69e42c9e087e11ebbd6bac1f6bf848b6,comparison,publication date,primary,pass,
294,344,292b6e2e0bda11eba7f7acde48001122,compositional,founded by|place of birth,primary,pass,
295,345,7939c1460bd911eba7f7acde48001122,compositional,composer|date of death,primary,pass,
296,346,049fcfb60bb011ebab90acde48001122,inference,child|spouse,primary,pass,
297,347,83dcd4ae08c211ebbd8cac1f6bf848b6,comparison,producer,primary,pass,
298,349,d7004d5c0bdb11eba7f7acde48001122,compositional,director|educated at,primary,pass,
299,350,4eab52b00bdd11eba7f7acde48001122,compositional,director|place of birth,primary,pass,
300,351,89c7579e0bd911eba7f7acde48001122,compositional,composer|date of birth,primary,pass,
301,353,eb602e7508d011ebbd95ac1f6bf848b6,comparison,date of birth|date of death,primary,pass,
302,354,887d949e0bb011ebab90acde48001122,inference,mother|sibling,primary,review,evidence_term_not_in_support
303,355,a0b2a4ce0baf11ebab90acde48001122,inference,father|mother,primary,pass,
304,357,afabab100bdc11eba7f7acde48001122,compositional,director|place of birth,primary,pass,
305,359,a29bdc540bd911eba7f7acde48001122,compositional,award received|director,primary,pass,
306,360,1350c21e0baf11ebab90acde48001122,inference,father|sibling,primary,pass,
307,361,35d4aaf0087411ebbd67ac1f6bf848b6,comparison,country of origin,primary,pass,
308,362,495e71a20bb011ebab90acde48001122,inference,mother|spouse,primary,pass,
309,363,656156140bdb11eba7f7acde48001122,compositional,country of citizenship|spouse,primary,pass,
310,364,82e363c40bb011ebab90acde48001122,inference,mother|spouse,primary,pass,
311,365,4a85df04089811ebbd77ac1f6bf848b6,comparison,country of origin,primary,pass,
312,367,9674c7020bdd11eba7f7acde48001122,compositional,inception|publisher,primary,pass,
313,369,d4052464087611ebbd67ac1f6bf848b6,comparison,publication date,primary,pass,
314,370,553ff092097f11ebbdb0ac1f6bf848b6,comparison,publication date,primary,pass,
315,371,2acf91800bdd11eba7f7acde48001122,compositional,director|place of birth,primary,pass,
316,372,3448700a088c11ebbd6fac1f6bf848b6,comparison,publication date,primary,pass,
317,373,6a807fc40bb011ebab90acde48001122,inference,father|mother,primary,pass,
318,375,6618aa340bdc11eba7f7acde48001122,compositional,child|director,primary,pass,
319,376,334ca1440bde11eba7f7acde48001122,compositional,cause of death|father,primary,pass,
320,377,767864440bde11eba7f7acde48001122,compositional,father|place of death,primary,pass,
321,378,3e14d4bc0bdd11eba7f7acde48001122,compositional,date of death|mother,primary,review,evidence_term_not_in_support
322,379,10ae1b5c088411ebbd6dac1f6bf848b6,bridge_comparison,date of birth|producer,primary,pass,
323,380,93c02f920bdd11eba7f7acde48001122,compositional,employer|father,primary,pass,
324,381,abb55bf20bda11eba7f7acde48001122,compositional,award received|performer,primary,pass,
325,384,29b6c2280bdd11eba7f7acde48001122,compositional,director|spouse,primary,pass,
326,385,d84a6e5c0bdd11eba7f7acde48001122,compositional,award received|performer,primary,pass,
327,386,ce8a27e40bd911eba7f7acde48001122,compositional,director|spouse,primary,pass,
328,387,11bf15020bde11eba7f7acde48001122,compositional,country|publisher,primary,pass,
329,388,4aaea1c80bdb11eba7f7acde48001122,compositional,director|place of birth,primary,pass,
330,389,5d6f28620bb011ebab90acde48001122,inference,mother|spouse,primary,pass,
331,390,09558be00bdd11eba7f7acde48001122,compositional,director|place of death,primary,pass,
332,391,6b3262840bdd11eba7f7acde48001122,compositional,father|place of burial,primary,pass,
333,392,672e556408de11ebbd9eac1f6bf848b6,comparison,date of birth|date of death,primary,pass,
334,394,a96fec4c0bdd11eba7f7acde48001122,compositional,place of birth|spouse,primary,pass,
335,395,aae3f77108b911ebbd88ac1f6bf848b6,comparison,date of birth|date of death,primary,pass,
336,396,6308389e099f11ebbdb0ac1f6bf848b6,comparison,publication date,primary,pass,
337,397,3d1d9fe40bb011ebab90acde48001122,inference,father|mother,primary,review,evidence_term_not_in_support
338,398,bbff89ec0bda11eba7f7acde48001122,compositional,child|director,primary,pass,
339,400,ad3c552c0bdd11eba7f7acde48001122,compositional,country of citizenship|director,primary,pass,
340,402,27d8771e0bdb11eba7f7acde48001122,compositional,composer|student of,primary,pass,
341,403,6399a1260bde11eba7f7acde48001122,compositional,director|employer,primary,pass,
342,404,6f30b4160bde11eba7f7acde48001122,compositional,employer|spouse,primary,pass,
343,406,4dad8e800bda11eba7f7acde48001122,compositional,cause of death|mother,primary,pass,
344,407,0133f5f3085211ebbd58ac1f6bf848b6,comparison,date of birth|date of death,primary,pass,
345,408,4aaa6e5c086911ebbd5eac1f6bf848b6,comparison,country of origin,primary,pass,
346,409,ea151f3908e011ebbda2ac1f6bf848b6,comparison,date of birth|date of death,primary,pass,
347,410,f2dbc5b4089e11ebbd78ac1f6bf848b6,comparison,publication date,primary,pass,
348,411,8513167c088011ebbd6cac1f6bf848b6,bridge_comparison,country of citizenship|director,primary,pass,
349,412,3a6e83be086b11ebbd5fac1f6bf848b6,comparison,country of origin,primary,pass,
350,413,64e032ea0bdc11eba7f7acde48001122,compositional,country of citizenship|founded by,primary,pass,
351,414,36792f08085b11ebbd5cac1f6bf848b6,bridge_comparison,date of birth|producer,primary,pass,
352,415,b768d23c08bd11ebbd8aac1f6bf848b6,comparison,date of birth|date of death,primary,pass,
353,416,1e4d9f2008ff11ebbdadac1f6bf848b6,comparison,publication date,primary,pass,
354,417,d68e71f80bdd11eba7f7acde48001122,compositional,composer|country of citizenship,primary,pass,
355,418,49eb50960bdc11eba7f7acde48001122,compositional,director|educated at,primary,pass,
356,419,6742bb1a091411ebbdadac1f6bf848b6,comparison,publication date,primary,pass,
357,420,93adfc01098011ebbdb0ac1f6bf848b6,comparison,publication date,primary,pass,
358,421,b164cca208e911ebbda7ac1f6bf848b6,comparison,date of birth|date of death,primary,pass,
359,422,6b84004a0baf11ebab90acde48001122,inference,father|mother,primary,review,evidence_term_not_in_support
360,423,1bf41cb00bda11eba7f7acde48001122,compositional,award received|performer,primary,pass,
361,424,d0c500e20bd911eba7f7acde48001122,compositional,director|place of burial,primary,pass,
362,427,2d5b9aaf097911ebbdb0ac1f6bf848b6,comparison,publication date,primary,pass,
363,428,7f8db33a0bda11eba7f7acde48001122,compositional,director|spouse,primary,pass,
364,431,789106ac088011ebbd6cac1f6bf848b6,comparison,date of birth|date of death,primary,pass,
365,432,da8cba4a08ee11ebbda8ac1f6bf848b6,comparison,country,primary,pass,
366,434,82f7e662089c11ebbd78ac1f6bf848b6,comparison,country,primary,pass,
367,435,9946beb60bda11eba7f7acde48001122,compositional,director|mother,primary,pass,
368,436,b8fd57ac0bd911eba7f7acde48001122,compositional,country of citizenship|director,primary,pass,
369,437,84b995a60bb011ebab90acde48001122,inference,father|sibling,primary,pass,
370,438,dddda68c0bdc11eba7f7acde48001122,compositional,composer|student of,primary,pass,
371,439,a21d2c260baf11ebab90acde48001122,inference,father|mother,primary,pass,
372,440,f21ce3f20bae11ebab90acde48001122,inference,father|mother,primary,pass,
373,441,a817e3140bdc11eba7f7acde48001122,compositional,date of death|mother,primary,pass,
374,442,414884d40bde11eba7f7acde48001122,compositional,place of birth|spouse,primary,pass,
375,443,ff243e0708e811ebbda7ac1f6bf848b6,comparison,country,primary,pass,
376,444,0f35d6f40bde11eba7f7acde48001122,compositional,inception|publisher,primary,pass,
377,445,67d898240bb011ebab90acde48001122,inference,father|mother,primary,review,evidence_term_not_in_support
378,446,1407903b089d11ebbd78ac1f6bf848b6,comparison,date of birth|date of death,primary,pass,
379,447,57e0ae020bb011ebab90acde48001122,inference,father|spouse,primary,pass,
380,450,0bb19ad908f311ebbdaaac1f6bf848b6,comparison,publication date,primary,pass,
381,451,27d8ec30091f11ebbdaeac1f6bf848b6,comparison,publication date,primary,pass,
382,452,6ee0b385096d11ebbdafac1f6bf848b6,comparison,country,primary,pass,
383,453,439d6fba0bde11eba7f7acde48001122,compositional,director|educated at,primary,review,evidence_term_not_in_support
384,455,f43809e20bda11eba7f7acde48001122,compositional,mother|place of birth,primary,pass,
385,456,2c999e7e0bde11eba7f7acde48001122,compositional,composer|country of citizenship,primary,pass,
386,458,c601b5be0bda11eba7f7acde48001122,compositional,country|publisher,primary,pass,
387,459,01547cde0bde11eba7f7acde48001122,compositional,employer|spouse,primary,pass,
388,460,819007ee0bdc11eba7f7acde48001122,compositional,cause of death|performer,primary,pass,
389,461,102ac6120bdb11eba7f7acde48001122,compositional,director|employer,primary,pass,
390,462,f691ee13098011ebbdb0ac1f6bf848b6,comparison,country of origin,primary,pass,
391,463,c1f7e2a60bdd11eba7f7acde48001122,compositional,director|place of death,primary,pass,
392,465,5ccddbfa0bd911eba7f7acde48001122,compositional,director|place of death,primary,pass,
393,466,3da318ea0bdd11eba7f7acde48001122,compositional,country of citizenship|mother,primary,pass,
394,467,efa871c8085611ebbd59ac1f6bf848b6,comparison,country of citizenship,primary,pass,
395,469,283b6782094e11ebbdaeac1f6bf848b6,comparison,country of origin,primary,pass,
396,470,dc9dc6e40baf11ebab90acde48001122,inference,father|mother,primary,pass,
397,471,e684f5e808db11ebbd9cac1f6bf848b6,comparison,date of birth|date of death,primary,pass,
398,472,8a9903ca0bd911eba7f7acde48001122,compositional,country of citizenship|mother,primary,review,evidence_term_not_in_support
399,474,8813c44a0bda11eba7f7acde48001122,compositional,child|performer,primary,pass,
400,475,e410241608e511ebbda4ac1f6bf848b6,comparison,country of origin,primary,pass,
401,476,9acbe5f60bdd11eba7f7acde48001122,compositional,editor|place of death,primary,pass,
402,477,4dc805ee085611ebbd59ac1f6bf848b6,comparison,country,primary,pass,
403,478,1e9ac0fa0bde11eba7f7acde48001122,compositional,country of citizenship|has part,primary,pass,
404,479,fa3e9b640bdd11eba7f7acde48001122,compositional,has part|place of birth,primary,pass,
405,480,bf27dd4c0bdd11eba7f7acde48001122,compositional,creator|place of birth,primary,pass,
406,481,860a5f980bd911eba7f7acde48001122,compositional,cause of death|mother,primary,pass,
407,484,04bacaac08d611ebbd98ac1f6bf848b6,comparison,date of birth|date of death,primary,pass,
408,485,4a29f0e40bdc11eba7f7acde48001122,compositional,country of citizenship|has part,primary,pass,
409,486,9885e6f20bb011ebab90acde48001122,inference,mother|spouse,primary,pass,
410,487,cb035c3c0bdc11eba7f7acde48001122,compositional,performer|place of birth,primary,pass,
411,488,304356f008e111ebbda2ac1f6bf848b6,comparison,date of birth|date of death,primary,pass,
412,489,8985546c0bdd11eba7f7acde48001122,compositional,country of citizenship|spouse,primary,pass,
413,490,3c69a1a00bde11eba7f7acde48001122,compositional,creator|employer,primary,pass,
414,491,f5a549f20bda11eba7f7acde48001122,compositional,performer|place of birth,primary,pass,
415,492,1584965c0bda11eba7f7acde48001122,compositional,educated at|spouse,primary,pass,
416,493,025944680bdc11eba7f7acde48001122,compositional,country of citizenship|mother,primary,pass,
417,494,ef0db64a08f311ebbdaaac1f6bf848b6,comparison,country,primary,pass,
418,495,fea49245086d11ebbd62ac1f6bf848b6,comparison,date of birth|date of death,primary,pass,
419,496,664960ac0baf11ebab90acde48001122,inference,sibling|spouse,primary,review,evidence_term_not_in_support
420,497,bbc587ba0bda11eba7f7acde48001122,compositional,place of birth|spouse,primary,review,evidence_term_not_in_support
421,498,096e42ba0bde11eba7f7acde48001122,compositional,employer|father,primary,review,evidence_term_not_in_support
422,499,25e4cbcc086811ebbd5eac1f6bf848b6,bridge_comparison,date of birth|producer,primary,pass,
423,500,4c77c5a20bdb11eba7f7acde48001122,compositional,director|employer,primary,pass,
424,501,49831c3008c411ebbd8eac1f6bf848b6,comparison,date of birth|date of death,primary,pass,
425,502,011921840bde11eba7f7acde48001122,compositional,founded by|place of death,primary,pass,
426,503,31d2f293088111ebbd6dac1f6bf848b6,comparison,country of origin,primary,pass,
427,505,ad4373200bdd11eba7f7acde48001122,compositional,country of citizenship|performer,primary,pass,
428,506,be117d520bdb11eba7f7acde48001122,compositional,mother|place of burial,primary,pass,
429,508,ab28bfb6097d11ebbdb0ac1f6bf848b6,comparison,publication date,primary,pass,
430,509,d5bf657c0bdb11eba7f7acde48001122,compositional,country of citizenship|father,primary,pass,
431,510,654e76b808e111ebbda2ac1f6bf848b6,comparison,date of birth|date of death,primary,pass,
432,512,c2339a6c0bdd11eba7f7acde48001122,compositional,performer|place of detention,primary,pass,
433,513,5f1e6610092a11ebbdaeac1f6bf848b6,comparison,publication date,primary,pass,
434,515,5674280a0bdd11eba7f7acde48001122,compositional,place of birth|spouse,primary,review,evidence_term_not_in_support
435,516,df0079d408fe11ebbdadac1f6bf848b6,comparison,publication date,primary,pass,
436,517,0c3675d40bda11eba7f7acde48001122,compositional,director|place of birth,primary,pass,
437,518,45153f740bdb11eba7f7acde48001122,compositional,composer|country of citizenship,primary,pass,
438,521,8f6592fc0bdd11eba7f7acde48001122,compositional,cause of death|director,primary,pass,
439,523,16e1006809ab11ebbdb0ac1f6bf848b6,comparison,publication date,primary,pass,
440,524,aabf418e0baf11ebab90acde48001122,inference,father|sibling,primary,pass,
441,525,da5c6ca008c111ebbd8bac1f6bf848b6,comparison,date of birth|date of death,primary,pass,
442,526,dd3ca2fe0bdd11eba7f7acde48001122,compositional,mother|place of birth,primary,pass,
443,527,a88b9f8e08bc11ebbd89ac1f6bf848b6,bridge_comparison,country of citizenship|director,primary,pass,
444,528,6b10f275096011ebbdafac1f6bf848b6,comparison,inception,primary,pass,
445,529,d1b4d4100bdd11eba7f7acde48001122,compositional,composer|place of death,primary,pass,
446,530,136c700c089611ebbd76ac1f6bf848b6,comparison,date of birth|date of death,primary,pass,
447,531,08d7d0d20bde11eba7f7acde48001122,compositional,mother|place of burial,primary,pass,
448,532,3cec35b4091011ebbdadac1f6bf848b6,comparison,publication date,primary,pass,
449,533,eb22d73a0bdd11eba7f7acde48001122,compositional,cause of death|father,primary,pass,
450,534,13b377680bde11eba7f7acde48001122,compositional,child|director,primary,pass,
451,535,0b86c27208c611ebbd90ac1f6bf848b6,comparison,publication date,primary,pass,
452,537,d7af391708bb11ebbd88ac1f6bf848b6,bridge_comparison,country of citizenship|director,primary,pass,
453,538,6a8b28c00bb011ebab90acde48001122,inference,father|mother,primary,pass,
454,539,519576ea0bb011ebab90acde48001122,inference,father|mother,primary,pass,
455,540,a996914408ef11ebbda8ac1f6bf848b6,comparison,country,primary,pass,
456,541,efda356c093411ebbdaeac1f6bf848b6,comparison,publication date,primary,pass,
457,542,b0dd21c00bdd11eba7f7acde48001122,compositional,employer|father,primary,pass,
458,543,2c0cb8a7085011ebbd56ac1f6bf848b6,comparison,country of origin,primary,pass,
459,546,402d63d00bde11eba7f7acde48001122,compositional,mother|place of birth,primary,pass,
460,547,12d10eb408be11ebbd8aac1f6bf848b6,comparison,date of birth|date of death,primary,pass,
461,548,2f8d8a780bde11eba7f7acde48001122,compositional,country of citizenship|mother,primary,review,evidence_term_not_in_support
462,549,8bf5b1700baf11ebab90acde48001122,inference,father|spouse,primary,pass,
463,550,515cc8f00bdc11eba7f7acde48001122,compositional,cause of death|director,primary,pass,
464,551,cd67568c0bdb11eba7f7acde48001122,compositional,performer|place of birth,primary,pass,
465,552,ba0a418c089611ebbd76ac1f6bf848b6,comparison,country,primary,pass,
466,553,29a722d2086811ebbd5eac1f6bf848b6,comparison,date of birth|date of death,primary,pass,
467,554,f77df1a00baf11ebab90acde48001122,inference,sibling|spouse,primary,pass,
468,555,aafde296089d11ebbd78ac1f6bf848b6,bridge_comparison,country of citizenship|director,primary,pass,
469,556,1bf5e04e08a411ebbd7cac1f6bf848b6,comparison,country,primary,pass,
470,557,c5e91b5c085711ebbd5aac1f6bf848b6,bridge_comparison,date of birth|producer,primary,pass,
471,558,0c451a980bdb11eba7f7acde48001122,compositional,educated at|father,primary,pass,
472,559,e89d3cc508fb11ebbdacac1f6bf848b6,comparison,inception,primary,pass,
473,560,b7f5f7200bdd11eba7f7acde48001122,compositional,composer|country of citizenship,primary,pass,
474,561,fa5ec3f80bdd11eba7f7acde48001122,compositional,award received|creator,primary,pass,
475,562,036a0e0808f011ebbda8ac1f6bf848b6,comparison,date of birth|date of death,primary,pass,
476,563,5d3c575a0bda11eba7f7acde48001122,compositional,father|place of birth,primary,pass,
477,564,c483d452090111ebbdadac1f6bf848b6,comparison,publication date,primary,pass,
478,565,54ae33e40bdd11eba7f7acde48001122,compositional,country of citizenship|father,primary,pass,
479,566,6b9a2cb4087911ebbd67ac1f6bf848b6,comparison,date of birth|date of death,primary,pass,
480,567,0ac9f0ec08ec11ebbda7ac1f6bf848b6,comparison,date of birth|date of death,primary,pass,
481,568,48db5d8a091611ebbdaeac1f6bf848b6,comparison,country of origin,primary,pass,
482,569,434dea7708d211ebbd95ac1f6bf848b6,comparison,date of birth|date of death,primary,pass,
483,570,9fc45d75089811ebbd77ac1f6bf848b6,comparison,date of birth|date of death,primary,pass,
484,571,3004bc240bde11eba7f7acde48001122,compositional,country of citizenship|director,primary,pass,
485,573,d1003f5e096811ebbdafac1f6bf848b6,comparison,inception,primary,pass,
486,574,9fdebb500baf11ebab90acde48001122,inference,father|mother,primary,pass,
487,576,ed1d6ac40bdc11eba7f7acde48001122,compositional,country of citizenship|creator,primary,pass,
488,577,d438a1020bd911eba7f7acde48001122,compositional,country of citizenship|father,primary,pass,
489,578,2779bc440bde11eba7f7acde48001122,compositional,father|place of burial,primary,pass,
490,579,9d054e980bdd11eba7f7acde48001122,compositional,employer|spouse,primary,pass,
491,581,70a6d78e085311ebbd59ac1f6bf848b6,comparison,date of birth|date of death,primary,pass,
492,582,5922128608b511ebbd88ac1f6bf848b6,bridge_comparison,country of citizenship|director,primary,pass,
493,583,7259372a0bda11eba7f7acde48001122,compositional,cause of death|performer,primary,pass,
494,584,0c8a27700bde11eba7f7acde48001122,compositional,country of citizenship|mother,primary,pass,
495,585,08ee244808ca11ebbd92ac1f6bf848b6,comparison,date of birth|date of death,primary,pass,
496,586,b2a1b19e096e11ebbdb0ac1f6bf848b6,comparison,country,primary,pass,
497,588,01d6d4400bde11eba7f7acde48001122,compositional,composer|country of citizenship,primary,pass,
498,589,3bd5e3b00bda11eba7f7acde48001122,compositional,date of death|mother,primary,pass,
499,590,ddf0f15208f411ebbdaaac1f6bf848b6,comparison,publication date,primary,pass,
500,592,e21cc1ba0bdc11eba7f7acde48001122,compositional,director|place of birth,primary,pass,
501,594,2d883f7c0bdc11eba7f7acde48001122,compositional,child|performer,primary,pass,
502,595,5854d5380bd911eba7f7acde48001122,compositional,father|place of death,primary,review,evidence_term_not_in_support
503,596,705c177608f111ebbda8ac1f6bf848b6,comparison,date of birth|date of death,primary,pass,
504,597,4209b4d8085511ebbd59ac1f6bf848b6,comparison,publication date,primary,pass,
505,598,4ec76c9c089111ebbd73ac1f6bf848b6,bridge_comparison,country of citizenship|director,primary,pass,
506,599,6181829c0bb011ebab90acde48001122,inference,father|mother,primary,pass,
507,600,797491b408c711ebbd91ac1f6bf848b6,comparison,occupation,primary,pass,
508,601,20ad267b087411ebbd67ac1f6bf848b6,comparison,country of origin,primary,pass,
509,602,aba20b320bdb11eba7f7acde48001122,compositional,cause of death|father,primary,pass,
510,603,ccc674a808aa11ebbd80ac1f6bf848b6,comparison,date of birth|date of death,primary,pass,
511,604,abcb527c0bda11eba7f7acde48001122,compositional,performer|spouse,primary,pass,
512,605,e53f970208ee11ebbda8ac1f6bf848b6,comparison,date of birth|date of death,primary,pass,
513,606,58bf032308c811ebbd91ac1f6bf848b6,comparison,country of origin,primary,pass,
514,607,437b71d80bdb11eba7f7acde48001122,compositional,date of birth|mother,primary,pass,
515,608,77ebb3b80bdd11eba7f7acde48001122,compositional,mother|place of birth,primary,pass,
516,609,d6d691be095e11ebbdafac1f6bf848b6,comparison,country of origin,primary,pass,
517,610,bacbc6580bda11eba7f7acde48001122,compositional,director|student of,primary,pass,
518,611,ef0cdc2a085d11ebbd5cac1f6bf848b6,comparison,country of origin,primary,pass,
519,612,947674c40bdc11eba7f7acde48001122,compositional,country|publisher,primary,pass,
520,613,73a066fc085c11ebbd5cac1f6bf848b6,bridge_comparison,country of citizenship|director,primary,pass,
521,614,70e944c0095211ebbdaeac1f6bf848b6,comparison,country,primary,pass,
522,615,578144840bde11eba7f7acde48001122,compositional,director|educated at,primary,pass,
523,616,f2394fbd084b11ebbd56ac1f6bf848b6,comparison,country,primary,pass,
524,617,46ae4ca608e111ebbda2ac1f6bf848b6,comparison,date of birth|date of death,primary,pass,
525,618,fa5c2aa80bdd11eba7f7acde48001122,compositional,composer|educated at,primary,pass,
526,619,c3bddf240baf11ebab90acde48001122,inference,father|mother,primary,pass,
527,620,dd1a82740baf11ebab90acde48001122,inference,sibling|spouse,primary,pass,
528,621,b6aec5ee0bd911eba7f7acde48001122,compositional,country of citizenship|father,primary,pass,
529,622,430d584d08e511ebbda4ac1f6bf848b6,comparison,publication date,primary,pass,
530,623,5ab4cf680bde11eba7f7acde48001122,compositional,child|director,primary,pass,
531,624,e4db2cd9089a11ebbd78ac1f6bf848b6,comparison,date of birth|date of death,primary,pass,
532,625,53d9a1080bdb11eba7f7acde48001122,compositional,award received|director,primary,pass,
533,626,e3772fb40bdc11eba7f7acde48001122,compositional,employer|spouse,primary,pass,
534,627,15bb405608da11ebbd9cac1f6bf848b6,comparison,occupation,primary,pass,
535,628,140b2d380bb011ebab90acde48001122,inference,father|sibling,primary,pass,
536,629,fb4101280bdd11eba7f7acde48001122,compositional,educated at|spouse,primary,pass,
537,630,a3fec82e0bdc11eba7f7acde48001122,compositional,country of citizenship|performer,primary,pass,
538,631,5a12bbd80bde11eba7f7acde48001122,compositional,child|director,primary,pass,
539,632,3593f6ac089e11ebbd78ac1f6bf848b6,comparison,country of origin,primary,pass,
540,633,12a7133408af11ebbd83ac1f6bf848b6,bridge_comparison,date of birth|producer,primary,pass,
541,634,883fd545095a11ebbdaeac1f6bf848b6,comparison,publication date,primary,pass,
542,635,bc7073a80baf11ebab90acde48001122,inference,father|sibling,primary,pass,
543,636,7f5ab8160bdc11eba7f7acde48001122,compositional,director|place of burial,primary,pass,
544,637,9c78f60708d511ebbd98ac1f6bf848b6,comparison,date of birth|date of death,primary,pass,
545,638,48226e7008e611ebbda5ac1f6bf848b6,comparison,date of birth|date of death,primary,pass,
546,639,fd68c8f7085311ebbd59ac1f6bf848b6,comparison,publication date,primary,pass,
547,640,a4f646340bdd11eba7f7acde48001122,compositional,country|manufacturer,primary,pass,
548,641,b82ce9420bdd11eba7f7acde48001122,compositional,educated at|spouse,primary,pass,
549,642,1030bb280bde11eba7f7acde48001122,compositional,country of citizenship|performer,primary,pass,
550,644,0a12f704085e11ebbd5cac1f6bf848b6,comparison,publication date,primary,pass,
551,645,11096543095c11ebbdaeac1f6bf848b6,comparison,publication date,primary,pass,
552,646,81c3120b087211ebbd66ac1f6bf848b6,comparison,country of origin,primary,pass,
553,647,c02763f708be11ebbd8aac1f6bf848b6,comparison,date of birth|date of death,primary,pass,
554,648,f27e01300bdd11eba7f7acde48001122,compositional,father|place of birth,primary,pass,
555,649,1adcd9bc086911ebbd5eac1f6bf848b6,bridge_comparison,country of citizenship|director,primary,pass,
556,650,7eb46304099211ebbdb0ac1f6bf848b6,comparison,country,primary,pass,
557,651,6a775a2e0bde11eba7f7acde48001122,compositional,child|director,primary,pass,
558,652,5112118e0baf11ebab90acde48001122,inference,father|mother,primary,review,evidence_term_not_in_support
559,653,58b2f61c08cb11ebbd92ac1f6bf848b6,comparison,publication date,primary,pass,
560,654,7da84dd40bb011ebab90acde48001122,inference,child|father,primary,review,evidence_term_not_in_support
561,655,c69fb1bc0bdd11eba7f7acde48001122,compositional,director|place of death,primary,pass,
562,656,81c8173c0bb011ebab90acde48001122,inference,father|sibling,primary,review,evidence_term_not_in_support
563,657,7c57b8840bb011ebab90acde48001122,inference,mother|sibling,primary,review,evidence_term_not_in_support
564,658,0c97f4720bde11eba7f7acde48001122,compositional,place of death|spouse,primary,pass,
565,659,34ff0ba00bdc11eba7f7acde48001122,compositional,child|composer,primary,pass,
566,660,ea696896089911ebbd77ac1f6bf848b6,comparison,date of birth|date of death,primary,pass,
567,661,d057431e0bdd11eba7f7acde48001122,compositional,country of citizenship|mother,primary,pass,
568,663,59945f46084c11ebbd56ac1f6bf848b6,comparison,country,primary,pass,
569,664,09d9b69108fe11ebbdadac1f6bf848b6,comparison,inception,primary,pass,
570,665,1ddc1eac0bde11eba7f7acde48001122,compositional,composer|place of death,primary,pass,
571,666,24d943ce0bde11eba7f7acde48001122,compositional,father|place of birth,primary,pass,
572,667,ddbc0f6c0bdd11eba7f7acde48001122,compositional,educated at|father,primary,pass,
573,668,215697fc0bdd11eba7f7acde48001122,compositional,director|place of death,primary,pass,
574,669,c21eebb40bdb11eba7f7acde48001122,compositional,country of citizenship|creator,primary,pass,
575,670,5043b106086011ebbd5dac1f6bf848b6,comparison,date of birth|date of death,primary,pass,
576,671,057eb1db08f711ebbdaaac1f6bf848b6,comparison,date of birth|date of death,primary,pass,
577,673,07e021ef08e511ebbda4ac1f6bf848b6,comparison,date of birth|date of death,primary,pass,
578,674,8fd3ff820bdb11eba7f7acde48001122,compositional,director|place of death,primary,pass,
579,675,5c9e1bf60bdc11eba7f7acde48001122,compositional,director|educated at,primary,pass,
580,676,2e92333a0bde11eba7f7acde48001122,compositional,employer|father,primary,pass,
581,677,9feabb260bdc11eba7f7acde48001122,compositional,employer|spouse,primary,review,evidence_term_not_in_support
582,678,7f14b2f40bdb11eba7f7acde48001122,compositional,award received|composer,primary,pass,
583,679,29c78fd20bdc11eba7f7acde48001122,compositional,date of birth|presenter,primary,pass,
584,680,5596c9140bd911eba7f7acde48001122,compositional,performer|spouse,primary,pass,
585,681,161a5da00bde11eba7f7acde48001122,compositional,director|educated at,primary,pass,
586,682,f8569b9c0bda11eba7f7acde48001122,compositional,director|place of burial,primary,pass,
587,684,4d559f400bda11eba7f7acde48001122,compositional,child|director,primary,pass,
588,685,a6cbb5e80bdd11eba7f7acde48001122,compositional,founded by|place of birth,primary,pass,
589,686,699c6cb00bda11eba7f7acde48001122,compositional,place of birth|spouse,primary,pass,
590,687,5d6e00200bda11eba7f7acde48001122,compositional,date of birth|founded by,primary,pass,
591,688,bac2cfd20bdd11eba7f7acde48001122,compositional,place of birth|spouse,primary,pass,
592,689,1ef4ce69089311ebbd74ac1f6bf848b6,comparison,date of birth|date of death,primary,pass,
593,690,565724120bb011ebab90acde48001122,inference,child|mother,primary,review,evidence_term_not_in_support
594,692,acf41d660bdd11eba7f7acde48001122,compositional,place of burial|spouse,primary,pass,
595,693,7486fee80bde11eba7f7acde48001122,compositional,country of citizenship|creator,primary,pass,
596,694,78bc87f8086911ebbd5eac1f6bf848b6,comparison,date of birth|date of death,primary,pass,
597,695,de76260008bc11ebbd89ac1f6bf848b6,comparison,publication date,primary,pass,
598,696,12b4665008f811ebbdaaac1f6bf848b6,comparison,publication date,primary,pass,
599,697,064aa8e1084a11ebbd55ac1f6bf848b6,comparison,country of origin,primary,pass,
600,698,11562eb0090711ebbdadac1f6bf848b6,comparison,country of origin,primary,pass,
601,700,734d9f0408a111ebbd79ac1f6bf848b6,comparison,inception,primary,pass,
602,702,6034a51a093811ebbdaeac1f6bf848b6,comparison,country of origin,primary,pass,
603,703,0bb1aa2e08a711ebbd7fac1f6bf848b6,comparison,publication date,primary,pass,
604,704,ae5597b80bdb11eba7f7acde48001122,compositional,creator|educated at,primary,pass,
605,706,cfbc66400bd911eba7f7acde48001122,compositional,mother|place of birth,primary,review,evidence_term_not_in_support
606,708,3d02aa320bdc11eba7f7acde48001122,compositional,composer|place of birth,primary,pass,
607,709,853ce3e308eb11ebbda7ac1f6bf848b6,comparison,date of birth|date of death,primary,pass,
608,710,7ff5ce48091b11ebbdaeac1f6bf848b6,comparison,publication date,primary,pass,
609,711,c588b58f096011ebbdafac1f6bf848b6,comparison,publication date,primary,pass,
610,712,8dcc10240bdd11eba7f7acde48001122,compositional,country of citizenship|director,primary,pass,
611,714,d1bd3c36095f11ebbdafac1f6bf848b6,comparison,inception,primary,pass,
612,715,e0ce1111097711ebbdb0ac1f6bf848b6,comparison,country,primary,pass,
613,716,a738b60d08e011ebbda2ac1f6bf848b6,comparison,date of birth|date of death,primary,pass,
614,718,eb5e96420bda11eba7f7acde48001122,compositional,director|spouse,primary,pass,
615,720,43e8cfdc0bd911eba7f7acde48001122,compositional,director|place of birth,primary,pass,
616,722,1d5abddf088811ebbd6eac1f6bf848b6,comparison,publication date,primary,pass,
617,723,a84bd6a00bdd11eba7f7acde48001122,compositional,composer|country of citizenship,primary,pass,
618,724,0d118fb00bdb11eba7f7acde48001122,compositional,director|place of burial,primary,pass,
619,725,0ed0f5b00bdc11eba7f7acde48001122,compositional,director|mother,primary,pass,
620,726,574cc14409c111ebbdb0ac1f6bf848b6,comparison,country,primary,pass,
621,727,58f6d60a0baf11ebab90acde48001122,inference,father|mother,primary,pass,
622,728,18d5bb700bde11eba7f7acde48001122,compositional,director|educated at,primary,pass,
623,729,9310d4b4085b11ebbd5cac1f6bf848b6,bridge_comparison,date of birth|producer,primary,pass,
624,732,5f1a91840bdc11eba7f7acde48001122,compositional,director|educated at,primary,pass,
625,734,e50256be092011ebbdaeac1f6bf848b6,comparison,publication date,primary,pass,
626,735,1ed1039008af11ebbd83ac1f6bf848b6,comparison,inception,primary,pass,
627,736,a328c0e0099611ebbdb0ac1f6bf848b6,comparison,country,primary,pass,
628,738,604cd3220bdd11eba7f7acde48001122,compositional,award received|director,primary,review,evidence_term_not_in_support
629,739,f6dce6440bae11ebab90acde48001122,inference,father|mother,primary,pass,
630,740,6b6a5a7f092e11ebbdaeac1f6bf848b6,comparison,publication date,primary,pass,
631,741,21e52dcc0bde11eba7f7acde48001122,compositional,director|place of death,primary,pass,
632,742,aff6d22e09b911ebbdb0ac1f6bf848b6,comparison,country,primary,pass,
633,743,1453406e08bd11ebbd89ac1f6bf848b6,comparison,country,primary,pass,
634,744,981f1da9087111ebbd63ac1f6bf848b6,comparison,date of birth|date of death,primary,pass,
635,745,4469d2fa0bdc11eba7f7acde48001122,compositional,date of death|mother,primary,pass,
636,746,150c661f093211ebbdaeac1f6bf848b6,comparison,publication date,primary,pass,
637,747,17e09010084f11ebbd56ac1f6bf848b6,comparison,publication date,primary,pass,
638,748,aa201d800bdb11eba7f7acde48001122,compositional,country of citizenship|spouse,primary,pass,
639,749,90efd13609bd11ebbdb0ac1f6bf848b6,comparison,inception,primary,pass,
640,750,9e38fbba093611ebbdaeac1f6bf848b6,comparison,publication date,primary,pass,
641,751,fed0e82c093811ebbdaeac1f6bf848b6,comparison,publication date,primary,pass,
642,753,3d0c3792089311ebbd74ac1f6bf848b6,comparison,country,primary,pass,
643,754,0db2574e0bde11eba7f7acde48001122,compositional,composer|spouse,primary,pass,
644,757,b83a9e940baf11ebab90acde48001122,inference,mother|spouse,primary,pass,
645,759,dab94c6c0bdd11eba7f7acde48001122,compositional,educated at|father,primary,pass,
646,761,26f1c43608ea11ebbda7ac1f6bf848b6,comparison,publication date,primary,pass,
647,762,a00f22640bdb11eba7f7acde48001122,compositional,director|educated at,primary,pass,
648,763,f272f7520bda11eba7f7acde48001122,compositional,has part|place of birth,primary,pass,
649,764,8918c19d08f011ebbda8ac1f6bf848b6,comparison,date of birth|date of death,primary,pass,
650,765,495260a00bde11eba7f7acde48001122,compositional,employer|mother,primary,review,evidence_term_not_in_support
651,766,a64e32e20bda11eba7f7acde48001122,compositional,composer|place of death,primary,review,evidence_term_not_in_support
652,767,7df3efc40baf11ebab90acde48001122,inference,father|sibling,primary,pass,
653,768,2f6c960c0bb011ebab90acde48001122,inference,father|sibling,primary,pass,
654,769,996b6cd60bdd11eba7f7acde48001122,compositional,country|publisher,primary,pass,
655,770,2152246e0bde11eba7f7acde48001122,compositional,has part|place of birth,primary,pass,
656,771,b0985e760bda11eba7f7acde48001122,compositional,performer|place of birth,primary,pass,
657,772,7d098c560bda11eba7f7acde48001122,compositional,director|employer,primary,pass,
658,773,cec6b1ec0bdd11eba7f7acde48001122,compositional,employer|presenter,primary,pass,
659,774,24a007b40bdc11eba7f7acde48001122,compositional,director|spouse,primary,pass,
660,776,6a81117708f311ebbdaaac1f6bf848b6,comparison,date of birth|date of death,primary,pass,
661,777,d875b0800bdd11eba7f7acde48001122,compositional,creator|place of birth,primary,pass,
662,778,86b79d2c0bdc11eba7f7acde48001122,compositional,father|place of death,primary,pass,
663,779,5a73c5a8099811ebbdb0ac1f6bf848b6,comparison,country,primary,pass,
664,780,9afde7fe0bdd11eba7f7acde48001122,compositional,educated at|father,primary,pass,
665,781,4b7eed900bdd11eba7f7acde48001122,compositional,director|place of death,primary,pass,
666,783,dd4a0ba5089711ebbd77ac1f6bf848b6,bridge_comparison,country of citizenship|director,primary,pass,
667,784,d0976c960bdd11eba7f7acde48001122,compositional,award received|founded by,primary,pass,
668,785,46c87e080bdb11eba7f7acde48001122,compositional,composer|student of,primary,pass,
669,786,b41c5e6a098d11ebbdb0ac1f6bf848b6,comparison,country,primary,pass,
670,788,512a07dc0bda11eba7f7acde48001122,compositional,father|place of death,primary,pass,
671,789,9900c8200bda11eba7f7acde48001122,compositional,director|place of death,primary,pass,
672,790,7176f93c08c411ebbd8eac1f6bf848b6,comparison,publication date,primary,pass,
673,791,6075a27e0bde11eba7f7acde48001122,compositional,founded by|place of birth,primary,pass,
674,792,66cc23c40bdd11eba7f7acde48001122,compositional,director|place of birth,primary,pass,
675,793,9d32eeb708ef11ebbda8ac1f6bf848b6,comparison,date of birth|date of death,primary,pass,
676,794,6605282808b811ebbd88ac1f6bf848b6,bridge_comparison,country of citizenship|director,primary,pass,
677,795,897c55600bb011ebab90acde48001122,inference,mother|spouse,primary,pass,
678,796,c2c06af608d511ebbd98ac1f6bf848b6,comparison,date of birth|date of death,primary,pass,
679,797,90424c55085611ebbd59ac1f6bf848b6,comparison,date of birth|date of death,primary,pass,
680,798,36ba28ed089611ebbd76ac1f6bf848b6,comparison,country of origin,primary,pass,
681,800,4abc56580bde11eba7f7acde48001122,compositional,founded by|manufacturer,primary,pass,
682,803,08246419090711ebbdadac1f6bf848b6,comparison,publication date,primary,pass,
683,804,4fa1e2b5097211ebbdb0ac1f6bf848b6,comparison,country of origin,primary,pass,
684,805,9f4aac2a0bdd11eba7f7acde48001122,compositional,country of citizenship|mother,primary,pass,
685,807,42b7677c0bde11eba7f7acde48001122,compositional,father|place of death,primary,pass,
686,809,91d01af80bdd11eba7f7acde48001122,compositional,cause of death|director,primary,pass,
687,810,e86a03a60bdd11eba7f7acde48001122,compositional,director|educated at,primary,pass,
688,811,c8fa7e90097d11ebbdb0ac1f6bf848b6,comparison,publication date,primary,pass,
689,812,6e6f7ec20bde11eba7f7acde48001122,compositional,employer|spouse,primary,pass,
690,813,c3d904dc08fa11ebbdacac1f6bf848b6,comparison,publication date,primary,pass,
691,814,48a24b7008e611ebbda5ac1f6bf848b6,bridge_comparison,date of birth|producer,primary,pass,
692,815,a5e432ea0bdd11eba7f7acde48001122,compositional,father|founded by,primary,pass,
693,817,0dd34927090011ebbdadac1f6bf848b6,comparison,publication date,primary,pass,
694,818,3a148dcc0baf11ebab90acde48001122,inference,mother|spouse,primary,pass,
695,820,fd8e7e140bd911eba7f7acde48001122,compositional,country of citizenship|spouse,primary,pass,
696,821,65e02b320bdc11eba7f7acde48001122,compositional,director|employer,primary,pass,
697,823,c2f85f7e0baf11ebab90acde48001122,inference,mother|sibling,primary,pass,
698,825,a0ae8e340baf11ebab90acde48001122,inference,father|mother,primary,pass,
699,826,249f782e0bde11eba7f7acde48001122,compositional,employer|founded by,primary,pass,
700,827,555e288e088c11ebbd6fac1f6bf848b6,bridge_comparison,country of citizenship|director,primary,pass,
701,828,b00f07ea08bd11ebbd8aac1f6bf848b6,comparison,publication date,primary,pass,
702,829,77ddd5fe0bb011ebab90acde48001122,inference,father|spouse,primary,pass,
703,830,f9a8b78a085311ebbd59ac1f6bf848b6,bridge_comparison,country of citizenship|director,primary,pass,
704,831,7c24f3260bd911eba7f7acde48001122,compositional,director|educated at,primary,pass,
705,832,f7f273ec0bda11eba7f7acde48001122,compositional,inception|publisher,primary,pass,
706,833,6296b85e0bde11eba7f7acde48001122,compositional,award received|director,primary,pass,
707,834,2b4c3a240baf11ebab90acde48001122,inference,father|mother,primary,pass,
708,835,249354360bde11eba7f7acde48001122,compositional,father|place of death,primary,pass,
709,836,2e51af0e0bde11eba7f7acde48001122,compositional,father|place of burial,primary,pass,
710,837,349416060bdc11eba7f7acde48001122,compositional,director|place of burial,primary,pass,
711,838,80cf01340baf11ebab90acde48001122,inference,child|mother,primary,review,evidence_term_not_in_support
712,839,dfa5d876084f11ebbd56ac1f6bf848b6,comparison,country,primary,pass,
713,840,bb73c78a0bdb11eba7f7acde48001122,compositional,place of death|spouse,primary,pass,
714,841,669c851e08e811ebbda6ac1f6bf848b6,comparison,country,primary,pass,
715,842,5495b6560bde11eba7f7acde48001122,compositional,country of citizenship|director,primary,pass,
716,843,b8c9f8be084911ebbd55ac1f6bf848b6,comparison,date of birth|date of death,primary,pass,
717,844,6f5fa1ae0bde11eba7f7acde48001122,compositional,country|publisher,primary,pass,
718,845,f7b41d560bdd11eba7f7acde48001122,compositional,place of birth|spouse,primary,review,evidence_term_not_in_support
719,846,4e786ebb08f911ebbdaaac1f6bf848b6,comparison,country of origin,primary,pass,
720,847,f73a80a80bd911eba7f7acde48001122,compositional,country of citizenship|father,primary,pass,
721,848,7154c5b40bdb11eba7f7acde48001122,compositional,place of death|spouse,primary,review,evidence_term_not_in_support
722,849,001ad110086911ebbd5eac1f6bf848b6,comparison,country of origin,primary,pass,
723,850,49baa9120bde11eba7f7acde48001122,compositional,place of birth|presenter,primary,pass,
724,851,bde4185c097011ebbdb0ac1f6bf848b6,comparison,country,primary,pass,
725,852,b16ce9860bdd11eba7f7acde48001122,compositional,director|place of death,primary,pass,
726,853,ba6055720bd911eba7f7acde48001122,compositional,father|performer,primary,pass,
727,854,e2e113160bdd11eba7f7acde48001122,compositional,award received|director,primary,pass,
728,856,df66ea220bdc11eba7f7acde48001122,compositional,director|place of birth,primary,pass,
729,857,e0a2de32097c11ebbdb0ac1f6bf848b6,comparison,publication date,primary,pass,
730,858,fd5b20340bdc11eba7f7acde48001122,compositional,educated at|spouse,primary,pass,
731,861,fbac69b4087b11ebbd69ac1f6bf848b6,comparison,country of origin,primary,pass,
732,864,005238da0bde11eba7f7acde48001122,compositional,composer|country of citizenship,primary,pass,
733,865,a2148cba0bdc11eba7f7acde48001122,compositional,director|place of burial,primary,pass,
734,866,d4c086d009b811ebbdb0ac1f6bf848b6,comparison,country,primary,pass,
735,867,399b91ab08ae11ebbd83ac1f6bf848b6,comparison,date of birth|date of death,primary,pass,
736,868,57921cf1094f11ebbdaeac1f6bf848b6,comparison,publication date,primary,pass,
737,869,293efbb2096911ebbdafac1f6bf848b6,comparison,publication date,primary,pass,
738,870,bf9e1dd80bdb11eba7f7acde48001122,compositional,father|place of burial,primary,pass,
739,871,1da795920bde11eba7f7acde48001122,compositional,award received|director,primary,pass,
740,872,a7a670660bdd11eba7f7acde48001122,compositional,award received|presenter,primary,pass,
741,873,22a7814c0bde11eba7f7acde48001122,compositional,place of birth|spouse,primary,pass,
742,875,6bab217b091311ebbdadac1f6bf848b6,comparison,publication date,primary,pass,
743,877,70f721c308e811ebbda6ac1f6bf848b6,comparison,date of birth|date of death,primary,pass,
744,878,43fedada095511ebbdaeac1f6bf848b6,comparison,publication date,primary,pass,
745,880,ab8e3e620baf11ebab90acde48001122,inference,father|sibling,primary,pass,
746,881,c1e402c20bdd11eba7f7acde48001122,compositional,performer|place of death,primary,pass,
747,882,c1d6a4ac0baf11ebab90acde48001122,inference,sibling|spouse,primary,pass,
748,883,8924701a08c811ebbd91ac1f6bf848b6,comparison,date of birth|date of death,primary,pass,
749,884,fbd86f2a0bda11eba7f7acde48001122,compositional,place of death|spouse,primary,pass,
750,885,571c28120bdc11eba7f7acde48001122,compositional,director|mother,primary,pass,
751,886,e8814a640bda11eba7f7acde48001122,compositional,director|place of birth,primary,pass,
752,887,60c4f9dc0bde11eba7f7acde48001122,compositional,director|employer,primary,pass,
753,888,9076d3180bdd11eba7f7acde48001122,compositional,director|employer,primary,pass,
754,889,dd454e7a0bda11eba7f7acde48001122,compositional,director|educated at,primary,pass,
755,890,9564cd35089311ebbd75ac1f6bf848b6,comparison,country of origin,primary,pass,
756,891,56fd5a440bdd11eba7f7acde48001122,compositional,date of birth|mother,primary,pass,
757,892,2520477e0bde11eba7f7acde48001122,compositional,creator|date of birth,primary,pass,
758,893,87284b620bdc11eba7f7acde48001122,compositional,educated at|spouse,primary,pass,
759,894,b20413b80bda11eba7f7acde48001122,compositional,director|place of birth,primary,pass,
760,895,8cd1b0020bdd11eba7f7acde48001122,compositional,place of birth|spouse,primary,pass,
761,896,7c71892a08d711ebbd9aac1f6bf848b6,comparison,date of birth|date of death,primary,pass,
762,897,67d5478c0bb011ebab90acde48001122,inference,father|mother,primary,pass,
763,898,4e579c39087711ebbd67ac1f6bf848b6,comparison,country of origin,primary,pass,
764,899,a32aa3a60bdb11eba7f7acde48001122,compositional,director|place of death,primary,pass,
765,900,436b7b0d088411ebbd6dac1f6bf848b6,comparison,publication date,primary,pass,
766,901,3ae04de80bde11eba7f7acde48001122,compositional,performer|place of detention,primary,pass,
767,902,b0178909094c11ebbdaeac1f6bf848b6,comparison,publication date,primary,pass,
768,903,58b6a4780bdb11eba7f7acde48001122,compositional,director|educated at,primary,pass,
769,904,95cde679098d11ebbdb0ac1f6bf848b6,comparison,country,primary,pass,
770,905,f3221459087411ebbd67ac1f6bf848b6,bridge_comparison,country of citizenship|director,primary,pass,
771,906,86508dc60bdc11eba7f7acde48001122,compositional,composer|place of birth,primary,pass,
772,907,ef1c98000bdb11eba7f7acde48001122,compositional,country|publisher,primary,pass,
773,909,e9a74ce40bdb11eba7f7acde48001122,compositional,director|place of birth,primary,pass,
774,910,625f61c9090511ebbdadac1f6bf848b6,comparison,publication date,primary,pass,
775,911,c67624640bdd11eba7f7acde48001122,compositional,performer|place of death,primary,pass,
776,912,acdf3b1e08d411ebbd96ac1f6bf848b6,comparison,country of origin,primary,pass,
777,913,b886bb8e0bdd11eba7f7acde48001122,compositional,father|place of birth,primary,pass,
778,914,bd4bd0fc0bdb11eba7f7acde48001122,compositional,father|place of death,primary,pass,
779,915,3803e25f08d411ebbd96ac1f6bf848b6,comparison,country of origin,primary,pass,
780,916,67d94a440bdd11eba7f7acde48001122,compositional,educated at|father,primary,review,evidence_term_not_in_support
781,917,cfff2a280bdb11eba7f7acde48001122,compositional,cause of death|director,primary,pass,
782,918,169a48d80bdb11eba7f7acde48001122,compositional,country of citizenship|father,primary,pass,
783,919,9b9e6cc40bdd11eba7f7acde48001122,compositional,founded by|place of death,primary,pass,
784,920,ac8af39a0bdd11eba7f7acde48001122,compositional,award received|composer,primary,pass,
785,921,f3e74f960bdc11eba7f7acde48001122,compositional,date of death|editor,primary,pass,
786,922,1d94fad8084911ebbd55ac1f6bf848b6,comparison,country of origin,primary,pass,
787,923,54fac5d9088b11ebbd6fac1f6bf848b6,comparison,country,primary,pass,
788,926,d334be7c085911ebbd5bac1f6bf848b6,comparison,date of birth|date of death,primary,pass,
789,927,aae1561b08f411ebbdaaac1f6bf848b6,comparison,date of birth|date of death,primary,pass,
790,928,c6d520840bda11eba7f7acde48001122,compositional,father|place of death,primary,review,evidence_term_not_in_support
791,929,ce9c3713087e11ebbd6bac1f6bf848b6,bridge_comparison,date of death|producer,primary,pass,
792,930,e67e273709b011ebbdb0ac1f6bf848b6,comparison,publication date,primary,pass,
793,931,d1fd885008b211ebbd85ac1f6bf848b6,comparison,date of birth|date of death,primary,pass,
794,932,9622a25e08fb11ebbdacac1f6bf848b6,comparison,inception,primary,pass,
795,933,f4d06fc9088011ebbd6dac1f6bf848b6,comparison,country of citizenship,primary,pass,
796,934,dd7c75a00bdd11eba7f7acde48001122,compositional,composer|place of birth,primary,pass,
797,935,53f3501408d711ebbd9aac1f6bf848b6,bridge_comparison,date of death|producer,primary,pass,
798,936,b23c52da0baf11ebab90acde48001122,inference,father|mother,primary,pass,
799,939,c6bac3e00bdc11eba7f7acde48001122,compositional,mother|place of birth,primary,pass,
800,940,d36533540bdd11eba7f7acde48001122,compositional,father|place of death,primary,pass,
801,941,4a53b17c0bdc11eba7f7acde48001122,compositional,director|place of birth,primary,pass,
802,942,d4ae7b5e0bdc11eba7f7acde48001122,compositional,father|place of death,primary,pass,
803,943,ef7ba7760bdd11eba7f7acde48001122,compositional,has part|place of birth,primary,pass,
804,944,00ef78f80bdd11eba7f7acde48001122,compositional,father|place of burial,primary,pass,
805,945,b536dc7a0bdd11eba7f7acde48001122,compositional,inception|publisher,primary,pass,
806,946,c08a052e0bd911eba7f7acde48001122,compositional,country of citizenship|performer,primary,pass,
807,947,da9eb08e0bdb11eba7f7acde48001122,compositional,performer|place of birth,primary,pass,
808,948,a20f8374094b11ebbdaeac1f6bf848b6,comparison,publication date,primary,pass,
809,949,6138bd9c095411ebbdaeac1f6bf848b6,comparison,inception,primary,pass,
810,950,ad06f84c0bdc11eba7f7acde48001122,compositional,mother|place of birth,primary,review,evidence_term_not_in_support|evidence_term_not_in_support
811,951,1013849a0bde11eba7f7acde48001122,compositional,cause of death|mother,primary,pass,
812,952,8316ee2c0bda11eba7f7acde48001122,compositional,award received|director,primary,pass,
813,954,742d92c00bdb11eba7f7acde48001122,compositional,award received|director,primary,pass,
814,956,9c98b75e0bda11eba7f7acde48001122,compositional,award received|performer,primary,review,evidence_term_not_in_support
815,957,b6dfdcac0bdd11eba7f7acde48001122,compositional,father|place of burial,primary,review,evidence_term_not_in_support
816,958,49480961087e11ebbd6bac1f6bf848b6,comparison,date of birth|date of death,primary,pass,
817,959,415e3b580bde11eba7f7acde48001122,compositional,award received|performer,primary,pass,
818,961,05ead7ea0bdc11eba7f7acde48001122,compositional,director|spouse,primary,pass,
819,962,1df3448c0bda11eba7f7acde48001122,compositional,director|educated at,primary,pass,
820,963,8e4e644d085a11ebbd5cac1f6bf848b6,comparison,date of birth|date of death,primary,pass,
821,964,36863a9e0bdb11eba7f7acde48001122,compositional,place of burial|spouse,primary,pass,
822,965,f37a8fca0bda11eba7f7acde48001122,compositional,father|place of death,primary,pass,
823,967,305e54500bde11eba7f7acde48001122,compositional,performer|place of birth,primary,pass,
824,968,a111296e086111ebbd5dac1f6bf848b6,comparison,publication date,primary,pass,
825,969,7f51c24a0bd911eba7f7acde48001122,compositional,place of death|spouse,primary,pass,
826,971,f11bc9580bdd11eba7f7acde48001122,compositional,award received|performer,primary,pass,
827,972,3ab39585097c11ebbdb0ac1f6bf848b6,comparison,country,primary,pass,
828,974,432d5c5c08aa11ebbd80ac1f6bf848b6,comparison,inception,primary,pass,
829,975,5cefd79608a211ebbd7aac1f6bf848b6,comparison,publication date,primary,pass,
830,976,6b6d990e0baf11ebab90acde48001122,inference,father|spouse,primary,pass,
831,977,c501397f094011ebbdaeac1f6bf848b6,comparison,country of origin,primary,pass,
832,978,b2fd3ef40bdd11eba7f7acde48001122,compositional,child|director,primary,pass,
833,979,d39db00008c711ebbd91ac1f6bf848b6,comparison,publication date,primary,pass,
834,980,0cba513608e411ebbda4ac1f6bf848b6,comparison,date of birth|date of death,primary,pass,
835,981,6ce9fd9e088611ebbd6dac1f6bf848b6,comparison,date of birth|date of death,primary,pass,
836,983,30be5d9e0bdb11eba7f7acde48001122,compositional,award received|director,primary,pass,
837,984,eeec846e0bd911eba7f7acde48001122,compositional,place of birth|presenter,primary,pass,
838,985,703bb4500bd911eba7f7acde48001122,compositional,director|mother,primary,pass,
839,986,6d7bf7660bde11eba7f7acde48001122,compositional,country of citizenship|creator,primary,pass,
840,987,581696180bdb11eba7f7acde48001122,compositional,award received|director,primary,pass,
841,988,50e4a65c0bde11eba7f7acde48001122,compositional,performer|place of detention,primary,pass,
842,989,f178e982098311ebbdb0ac1f6bf848b6,comparison,country,primary,pass,
843,990,fd8d6eaa0bdb11eba7f7acde48001122,compositional,country of citizenship|has part,primary,pass,
844,991,36ba1d880bda11eba7f7acde48001122,compositional,educated at|spouse,primary,pass,
845,992,4a6a41860bdb11eba7f7acde48001122,compositional,child|director,primary,pass,
846,993,c93ab4a108cf11ebbd95ac1f6bf848b6,comparison,country,primary,pass,
847,994,69bcf1c00bd911eba7f7acde48001122,compositional,country of citizenship|has part,primary,pass,
848,995,0ce627320bde11eba7f7acde48001122,compositional,educated at|spouse,primary,pass,
849,996,85483fe908ab11ebbd82ac1f6bf848b6,comparison,date of birth|date of death,primary,pass,
850,997,1e1c096e086311ebbd5eac1f6bf848b6,comparison,country of origin,primary,pass,
851,998,7fa3f5ae086d11ebbd62ac1f6bf848b6,comparison,publication date,primary,pass,
852,999,e6e38bc40bdd11eba7f7acde48001122,compositional,educated at|father,primary,pass,
853,1000,35fc19ce0bde11eba7f7acde48001122,compositional,director|place of birth,primary,pass,
854,1001,2207e9060bda11eba7f7acde48001122,compositional,country of citizenship|director,reserve,pass,
855,1002,4d982dc308c111ebbd8bac1f6bf848b6,bridge_comparison,date of death|director,reserve,pass,
856,1003,0bbded440bda11eba7f7acde48001122,compositional,country of citizenship|director,reserve,pass,
857,1004,04a544a40bde11eba7f7acde48001122,compositional,date of death|father,reserve,pass,
858,1005,ad43c9300bdb11eba7f7acde48001122,compositional,father|place of birth,reserve,pass,
859,1006,9b2ccd4e088b11ebbd6fac1f6bf848b6,bridge_comparison,date of death|director,reserve,pass,
860,1007,8223ad8e097811ebbdb0ac1f6bf848b6,comparison,publication date,reserve,pass,
861,1008,c9b515020bda11eba7f7acde48001122,compositional,father|place of death,reserve,pass,
862,1009,652d7dac0bdc11eba7f7acde48001122,compositional,director|place of birth,reserve,pass,
863,1011,122b64480baf11ebab90acde48001122,inference,father|mother,reserve,pass,
864,1012,1d0cd6e80bdd11eba7f7acde48001122,compositional,director|place of death,reserve,pass,
865,1013,8e07f1f00bda11eba7f7acde48001122,compositional,director|spouse,reserve,pass,
866,1014,7cc68442092811ebbdaeac1f6bf848b6,comparison,publication date,reserve,pass,
867,1015,7b52cb9e0bd911eba7f7acde48001122,compositional,performer|place of birth,reserve,pass,
868,1016,1c0dd3b00bdc11eba7f7acde48001122,compositional,country of citizenship|father,reserve,pass,
869,1017,8cd3fe6c0baf11ebab90acde48001122,inference,father|sibling,reserve,pass,
870,1018,9792990e087511ebbd67ac1f6bf848b6,bridge_comparison,date of death|director,reserve,pass,
871,1019,16ee4aa308be11ebbd8aac1f6bf848b6,comparison,date of birth,reserve,pass,
872,1020,497c1bdb094911ebbdaeac1f6bf848b6,comparison,publication date,reserve,pass,
873,1022,6b62ba5a0bde11eba7f7acde48001122,compositional,country of citizenship|director,reserve,pass,
874,1023,25ffa50e08f511ebbdaaac1f6bf848b6,comparison,date of birth,reserve,pass,
875,1025,e15b1fe20baf11ebab90acde48001122,inference,father,reserve,review,evidence_term_not_in_support
876,1026,ea897033084e11ebbd56ac1f6bf848b6,comparison,date of birth,reserve,pass,
877,1027,a816c326089411ebbd75ac1f6bf848b6,comparison,country of origin,reserve,pass,
878,1028,96b7c1a60bdd11eba7f7acde48001122,compositional,mother|place of death,reserve,pass,
879,1029,247f29b00bda11eba7f7acde48001122,compositional,director|educated at,reserve,pass,
880,1030,2ad285a7087811ebbd67ac1f6bf848b6,comparison,date of birth,reserve,pass,
881,1031,d4f53b200baf11ebab90acde48001122,inference,mother|spouse,reserve,pass,
882,1032,e5354de60bdb11eba7f7acde48001122,compositional,country of citizenship|director,reserve,pass,
883,1033,0a9f880a0bda11eba7f7acde48001122,compositional,director|spouse,reserve,pass,
884,1034,e88629000bdd11eba7f7acde48001122,compositional,date of death|father,reserve,review,evidence_term_not_in_support
885,1035,28bbe1600bdc11eba7f7acde48001122,compositional,has part|place of birth,reserve,pass,
886,1036,8fd7bd3c0bb011ebab90acde48001122,inference,child|spouse,reserve,review,evidence_term_not_in_support
887,1037,113cba620bde11eba7f7acde48001122,compositional,director|place of death,reserve,pass,
888,1039,fe1ac99c0bdd11eba7f7acde48001122,compositional,director|place of death,reserve,pass,
889,1040,90c0142e08a911ebbd80ac1f6bf848b6,bridge_comparison,date of death|director,reserve,pass,
890,1041,519cf6dc0baf11ebab90acde48001122,inference,mother|spouse,reserve,pass,
891,1042,08a0a8ee0bdb11eba7f7acde48001122,compositional,father|place of birth,reserve,pass,
892,1043,c6e9cade086211ebbd5dac1f6bf848b6,comparison,date of death,reserve,pass,
893,1044,3b88a62a0bdc11eba7f7acde48001122,compositional,director|place of birth,reserve,pass,
894,1045,2da644540bdc11eba7f7acde48001122,compositional,director|place of death,reserve,pass,
895,1046,f51799420bdd11eba7f7acde48001122,compositional,mother|place of death,reserve,review,evidence_term_not_in_support
896,1047,d8dd595708fb11ebbdacac1f6bf848b6,comparison,publication date,reserve,pass,
897,1048,ac55dcb60bdb11eba7f7acde48001122,compositional,director|place of death,reserve,pass,
898,1049,f360505a087a11ebbd67ac1f6bf848b6,bridge_comparison,date of birth|director,reserve,pass,
899,1050,bcd01cde0bd911eba7f7acde48001122,compositional,director|place of birth,reserve,pass,
900,1051,43c31e26089911ebbd77ac1f6bf848b6,comparison,date of birth,reserve,pass,
901,1052,f29c4915088c11ebbd70ac1f6bf848b6,bridge_comparison,date of death|director,reserve,pass,
902,1053,663ea353097611ebbdb0ac1f6bf848b6,comparison,publication date,reserve,pass,
903,1054,44eb6b0a0bda11eba7f7acde48001122,compositional,father|performer,reserve,pass,
904,1055,3c76b104085711ebbd5aac1f6bf848b6,bridge_comparison,date of death|director,reserve,pass,
905,1056,08ec5ef708c511ebbd8eac1f6bf848b6,comparison,date of birth,reserve,pass,
906,1058,43acd28e0bde11eba7f7acde48001122,compositional,date of birth|father,reserve,pass,
907,1059,254784f60bde11eba7f7acde48001122,compositional,employer|father,reserve,pass,
908,1060,0a3fb6a80baf11ebab90acde48001122,inference,father,reserve,pass,
909,1061,8574034c0bdc11eba7f7acde48001122,compositional,director|place of birth,reserve,pass,
910,1062,4ac6360c08fd11ebbdadac1f6bf848b6,comparison,inception,reserve,pass,
911,1063,715e420208c911ebbd92ac1f6bf848b6,bridge_comparison,date of birth|director,reserve,pass,
912,1064,e9ef97b708e911ebbda7ac1f6bf848b6,comparison,date of birth,reserve,pass,
913,1065,43b3bf5208d911ebbd9cac1f6bf848b6,bridge_comparison,date of birth|director,reserve,pass,
914,1066,c2afbfa60bd911eba7f7acde48001122,compositional,director|spouse,reserve,pass,
915,1067,4b692f960bb011ebab90acde48001122,inference,mother|spouse,reserve,pass,
916,1068,140ef7b108b811ebbd88ac1f6bf848b6,bridge_comparison,date of birth|director,reserve,pass,
917,1069,bebbb5ec0bdb11eba7f7acde48001122,compositional,director|place of birth,reserve,pass,
918,1070,8140e36c0baf11ebab90acde48001122,inference,father|spouse,reserve,pass,
919,1071,1b8b2c9b085711ebbd59ac1f6bf848b6,bridge_comparison,date of death|director,reserve,pass,
920,1072,87c2be8908ab11ebbd82ac1f6bf848b6,bridge_comparison,date of birth|director,reserve,pass,
921,1073,52e05cb60bda11eba7f7acde48001122,compositional,director|place of birth,reserve,pass,
922,1074,b6947fe6090811ebbdadac1f6bf848b6,comparison,publication date,reserve,pass,
923,1075,a075ffa20bdb11eba7f7acde48001122,compositional,country of citizenship|father,reserve,pass,
924,1076,a100cd1b08f911ebbdaaac1f6bf848b6,comparison,country of citizenship,reserve,pass,
925,1077,dbd2b6060bdd11eba7f7acde48001122,compositional,date of birth|father,reserve,pass,
926,1079,183f8d4008b311ebbd86ac1f6bf848b6,bridge_comparison,date of death|director,reserve,pass,
927,1080,172fd661094811ebbdaeac1f6bf848b6,comparison,publication date,reserve,pass,
928,1081,fa11eeb4095a11ebbdaeac1f6bf848b6,comparison,publication date,reserve,pass,
929,1082,4175aadc0bdd11eba7f7acde48001122,compositional,father|place of birth,reserve,pass,
930,1083,f9ac302a0bd911eba7f7acde48001122,compositional,place of birth|spouse,reserve,pass,
931,1084,84e8cf3808a911ebbd80ac1f6bf848b6,bridge_comparison,date of death|director,reserve,pass,
932,1085,df5d00060bdd11eba7f7acde48001122,compositional,father|place of birth,reserve,review,evidence_term_not_in_support
933,1086,60ac8f780bde11eba7f7acde48001122,compositional,director|place of birth,reserve,pass,
934,1087,5390f39c086d11ebbd61ac1f6bf848b6,comparison,publication date,reserve,pass,
935,1089,8a92d16c0bd911eba7f7acde48001122,compositional,composer|place of death,reserve,pass,
936,1090,3f362dce0baf11ebab90acde48001122,inference,father,reserve,pass,
937,1091,2f6db50a0bb011ebab90acde48001122,inference,father,reserve,pass,
938,1092,60b2aa720baf11ebab90acde48001122,inference,father,reserve,pass,
939,1093,5baaafa8084a11ebbd56ac1f6bf848b6,comparison,country of origin,reserve,pass,
940,1095,86806877099411ebbdb0ac1f6bf848b6,comparison,country,reserve,pass,
941,1096,09ce0d5c0bda11eba7f7acde48001122,compositional,country of citizenship|director,reserve,pass,
942,1097,681ce0be086e11ebbd62ac1f6bf848b6,bridge_comparison,date of birth|director,reserve,pass,
943,1098,597a839c0bdc11eba7f7acde48001122,compositional,place of death|spouse,reserve,pass,
944,1099,860d90e60bd911eba7f7acde48001122,compositional,country of citizenship|performer,reserve,pass,
945,1100,3124087c084f11ebbd56ac1f6bf848b6,bridge_comparison,date of death|director,reserve,pass,
946,1101,1a76997408a311ebbd7bac1f6bf848b6,bridge_comparison,date of death|director,reserve,pass,
947,1102,e8d92a1a0bdd11eba7f7acde48001122,compositional,director|place of death,reserve,pass,
948,1103,367ea308088211ebbd6dac1f6bf848b6,bridge_comparison,date of death|director,reserve,pass,
949,1104,9a7f003a0bdb11eba7f7acde48001122,compositional,director|father,reserve,pass,
950,1105,5dde0aca089f11ebbd78ac1f6bf848b6,bridge_comparison,date of birth|director,reserve,pass,
951,1106,ab7a6d920baf11ebab90acde48001122,inference,father|sibling,reserve,pass,
952,1107,acaa580c0bdd11eba7f7acde48001122,compositional,cause of death|father,reserve,pass,
953,1108,bac294180bdd11eba7f7acde48001122,compositional,country of citizenship|father,reserve,pass,
954,1109,3c736a9508fc11ebbdadac1f6bf848b6,comparison,date of birth|date of death,reserve,pass,
955,1110,4a8ec2e00bdb11eba7f7acde48001122,compositional,date of birth|father,reserve,pass,
956,1111,8ab49ff80bda11eba7f7acde48001122,compositional,place of birth|spouse,reserve,pass,
957,1112,3b9b100e08ac11ebbd82ac1f6bf848b6,bridge_comparison,date of birth|director,reserve,pass,
958,1113,c5de8dcd088b11ebbd6fac1f6bf848b6,comparison,date of death,reserve,pass,
959,1114,6637584408b211ebbd85ac1f6bf848b6,bridge_comparison,date of death|director,reserve,pass,
960,1115,f727fd12096c11ebbdafac1f6bf848b6,comparison,publication date,reserve,pass,
961,1116,de2f91c808c011ebbd8aac1f6bf848b6,bridge_comparison,date of birth|director,reserve,pass,
962,1117,8906523108d011ebbd95ac1f6bf848b6,bridge_comparison,country of citizenship|director,reserve,pass,
963,1118,29970e8e0baf11ebab90acde48001122,inference,father|mother,reserve,review,evidence_term_not_in_support
964,1119,c041ef4c0bdd11eba7f7acde48001122,compositional,country of citizenship|father,reserve,pass,
965,1121,c0582fef086f11ebbd62ac1f6bf848b6,comparison,date of birth,reserve,pass,
966,1122,ef8526a60bd911eba7f7acde48001122,compositional,father|place of death,reserve,pass,
967,1123,d79cab940bda11eba7f7acde48001122,compositional,director|place of death,reserve,pass,
968,1124,83aacaf008ee11ebbda8ac1f6bf848b6,comparison,date of birth,reserve,pass,
969,1125,6d11f55308b211ebbd85ac1f6bf848b6,bridge_comparison,date of birth|director,reserve,pass,
970,1126,74cc87600bde11eba7f7acde48001122,compositional,director|place of birth,reserve,pass,
971,1127,822c4ee40bda11eba7f7acde48001122,compositional,founded by|place of birth,reserve,pass,
972,1128,bbb42c7c088811ebbd6eac1f6bf848b6,bridge_comparison,date of death|director,reserve,pass,
973,1129,9575367b091111ebbdadac1f6bf848b6,comparison,country of origin,reserve,pass,
974,1130,9cb0d3480bda11eba7f7acde48001122,compositional,date of death|father,reserve,pass,
975,1131,7225178208d411ebbd96ac1f6bf848b6,bridge_comparison,date of birth|director,reserve,pass,
976,1132,e7c2c741089e11ebbd78ac1f6bf848b6,comparison,date of birth,reserve,pass,
977,1133,3e483c3c096c11ebbdafac1f6bf848b6,comparison,publication date,reserve,pass,
978,1134,1d913467087611ebbd67ac1f6bf848b6,comparison,date of birth,reserve,pass,
979,1135,df85733a0bdb11eba7f7acde48001122,compositional,director|spouse,reserve,pass,
980,1136,be899b3c0bdd11eba7f7acde48001122,compositional,composer|country of citizenship,reserve,pass,
981,1137,6a74a9880bb011ebab90acde48001122,inference,father|spouse,reserve,review,evidence_term_not_in_support
982,1138,23f41cf20bdb11eba7f7acde48001122,compositional,director|place of birth,reserve,pass,
983,1139,ba9891a6092911ebbdaeac1f6bf848b6,comparison,publication date,reserve,pass,
984,1140,c20c14a00bd911eba7f7acde48001122,compositional,date of birth|director,reserve,pass,
985,1141,8c7fafe20bdc11eba7f7acde48001122,compositional,father|place of birth,reserve,pass,
986,1142,a17475e3095f11ebbdafac1f6bf848b6,comparison,country of origin,reserve,pass,
987,1143,e171d29a0bdd11eba7f7acde48001122,compositional,director|employer,reserve,pass,
988,1144,3eba2cd2089911ebbd77ac1f6bf848b6,comparison,publication date,reserve,pass,
989,1145,50bd90820bdc11eba7f7acde48001122,compositional,composer|country of citizenship,reserve,pass,
990,1146,17e3349208df11ebbd9fac1f6bf848b6,comparison,date of birth,reserve,pass,
991,1147,c080c8f8085d11ebbd5cac1f6bf848b6,bridge_comparison,country of citizenship|director,reserve,pass,
992,1148,e4fbb7ad08b611ebbd88ac1f6bf848b6,bridge_comparison,country of citizenship|director,reserve,pass,
993,1149,5eb351b4095311ebbdaeac1f6bf848b6,comparison,publication date,reserve,pass,
994,1150,ea4b9b43085b11ebbd5cac1f6bf848b6,comparison,publication date,reserve,pass,
995,1151,14a68691090311ebbdadac1f6bf848b6,comparison,publication date,reserve,pass,
996,1152,69cf04520bdc11eba7f7acde48001122,compositional,director|place of birth,reserve,pass,
997,1153,e3506ff80bd911eba7f7acde48001122,compositional,place of death|spouse,reserve,pass,
998,1154,7a5fd5940baf11ebab90acde48001122,inference,child|spouse,reserve,pass,
999,1155,6c1b12ad08d811ebbd9bac1f6bf848b6,bridge_comparison,date of death|director,reserve,pass,
1000,1156,5c539c02084e11ebbd56ac1f6bf848b6,bridge_comparison,date of birth|director,reserve,pass,
